DBMSTable,SiteName
3000STL1,SYPJCC-8F-ACC-01-RUNHR
3000STL2,SYPJCC-8F-ACC-02-RUNHR
3000STL3,SYPJCC-8F-ACC-03-RUNHR
3000STL4,SYPJCC-8F-ACC-04-RUNHR
3000STL5,SYPJCC-8F-CHWP-01-RUNHR
3000STL6,SYPJCC-8F-CHWP-02-RUNHR
3000STL7,SYPJCC-8F-CHWP-03-RUNHR
3000STL8,SYPJCC-8F-CHWP-04-RUNHR
3000STL9,SYPJCC-8F-CHWP-05-RUNHR
3000STL10,SYPJCC-8F-ACC-CHWM-MCHWSWT
3000STL11,SYPJCC-8F-ACC-CHWM-MCHWRWT
3000STL12,SYPJCC-8F-ACC-CHWM-MCHWRFWR
3000STL13,SYPJCC-8F-MCHWDPRE
3000STL14,SYPJCC-8F-ACC-01-CHWSWT
3000STL15,SYPJCC-8F-ACC-01-CHWRWT
3000STL16,SYPJCC-8F-ACC-01-CHWFWR
3000STL17,SYPJCC-8F-ACC-02-CHWSWT
3000STL18,SYPJCC-8F-ACC-02-CHWRWT
3000STL19,SYPJCC-8F-ACC-02-CHWFWR
3000STL20,SYPJCC-8F-ACC-03-CHWSWT
3000STL21,SYPJCC-8F-ACC-03-CHWRWT
3000STL22,SYPJCC-8F-ACC-03-CHWFWR
3000STL23,SYPJCC-8F-ACC-04-CHWSWT
3000STL24,SYPJCC-8F-ACC-04-CHWRWT
3000STL25,SYPJCC-8F-ACC-04-CHWFWR
3000STL26,SYPJCC-8F-CHWBYPVS
3000STL27,SYPJCC-8F-DPRESP
3000STL28,SYPJCC-8F-RWTSP+
3000STL29,SYPJCC-8F-RWTSP-
3000STL30,SYPJCC-8F-ACC-01-OLRSP
3000STL31,SYPJCC-8F-ACC-02-OLRSP
3000STL32,SYPJCC-8F-ACC-03-OLRSP
3000STL33,SYPJCC-8F-ACC-04-OLRSP
3000STL34,SYPJCC-8F-ACC-01-OLR
3000STL35,SYPJCC-8F-ACC-02-OLR
3000STL36,SYPJCC-8F-ACC-03-OLR
3000STL37,SYPJCC-8F-ACC-04-OLR
3000STL38,SYPJCC-8F-BLDTLKW
3000STL39,SYPJCC-8F-ACC-01-CL
3000STL40,SYPJCC-8F-ACC-02-CL
3000STL41,SYPJCC-8F-ACC-03-CL
3000STL42,SYPJCC-8F-ACC-04-CL
3000STL43,SYPJCC-8F-ACC-CHWM-TLCL
3000STL44,SYPJCC-8F-ACC-01-COP
3000STL45,SYPJCC-8F-ACC-02-COP
3000STL46,SYPJCC-8F-ACC-03-COP
3000STL47,SYPJCC-8F-ACC-04-COP
3000STL48,SYPJCC-8F-TLCOP
3000STL49,SYPJCC-8F-ACC-01-PWRS
3000STL50,SYPJCC-8F-ACC-02-PWRS
3000STL51,SYPJCC-8F-ACC-03-PWRS
3000STL52,SYPJCC-8F-ACC-04-PWRS
3000STL53,SYPJCC-8F-CHWP-01-PWRS
3000STL54,SYPJCC-8F-CHWP-02-PWRS
3000STL55,SYPJCC-8F-CHWP-03-PWRS
3000STL56,SYPJCC-8F-CHWP-04-PWRS
3000STL57,SYPJCC-8F-CHWP-05-PWRS
3000STL58,SYPJCC-8F-ACC-01-AMS
3000STL59,SYPJCC-8F-ACC-02-AMS
3000STL60,SYPJCC-8F-ACC-03-AMS
3000STL61,SYPJCC-8F-ACC-04-AMS
3000STL62,SYPJCC-8F-CHWP-01-AMS
3000STL63,SYPJCC-8F-CHWP-02-AMS
3000STL64,SYPJCC-8F-CHWP-03-AMS
3000STL65,SYPJCC-8F-CHWP-04-AMS
3000STL66,SYPJCC-8F-CHWP-05-AMS
3000STL67,SYPJCC-8F-ACC-01-S
3000STL68,SYPJCC-8F-ACC-02-S
3000STL69,SYPJCC-8F-ACC-03-S
3000STL70,SYPJCC-8F-ACC-04-S
3000STL71,SYPJCC-8F-CHWP-01-S
3000STL72,SYPJCC-8F-CHWP-02-S
3000STL73,SYPJCC-8F-CHWP-03-S
3000STL74,SYPJCC-8F-CHWP-04-S
3000STL75,SYPJCC-8F-CHWP-05-S
3000STL76,SYPJCC-8F-ACC-01-TFALM
3000STL77,SYPJCC-8F-ACC-02-TFALM
3000STL78,SYPJCC-8F-ACC-03-TFALM
3000STL79,SYPJCC-8F-ACC-04-TFALM
3000STL80,SYPJCC-8F-CHWP-01-TFALM
3000STL81,SYPJCC-8F-CHWP-02-TFALM
3000STL82,SYPJCC-8F-CHWP-03-TFALM
3000STL83,SYPJCC-8F-CHWP-04-TFALM
3000STL84,SYPJCC-8F-CHWP-05-TFALM
3000STL85,SYPJCC-8F-ACC-01-CHWVLVS
3000STL86,SYPJCC-8F-ACC-02-CHWVLVS
3000STL87,SYPJCC-8F-ACC-03-CHWVLVS
3000STL88,SYPJCC-8F-ACC-04-CHWVLVS
3000STL89,SYPJCC-8F-ACC-01-FWSWS
3000STL90,SYPJCC-8F-ACC-02-FWSWS
3000STL91,SYPJCC-8F-ACC-03-FWSWS
3000STL92,SYPJCC-8F-ACC-04-FWSWS
3000STL93,SYPJCC-8F-ACC-01PM-PAMP1
3000STL94,SYPJCC-8F-ACC-01PM-PAMP2
3000STL95,SYPJCC-8F-ACC-01PM-PAMP3
3000STL96,SYPJCC-8F-ACC-01PM-TRMS1
3000STL97,SYPJCC-8F-ACC-01PM-TRMS2
3000STL98,SYPJCC-8F-ACC-01PM-TRMS3
3000STL99,SYPJCC-8F-ACC-01PM-KW
3000STL100,SYPJCC-8F-ACC-01PM-KVAR
3000STL101,SYPJCC-8F-ACC-01PM-KVA
3000STL102,SYPJCC-8F-ACC-01PM-HZ
3000STL103,SYPJCC-8F-ACC-01PM-PF
3000STL104,SYPJCC-8F-ACC-01PM-THDV1
3000STL105,SYPJCC-8F-ACC-01PM-THDV2
3000STL106,SYPJCC-8F-ACC-01PM-THDV3
3000STL107,SYPJCC-8F-ACC-01PM-THDAMP1
3000STL108,SYPJCC-8F-ACC-01PM-THDAMP2
3000STL109,SYPJCC-8F-ACC-01PM-THDAMP3
3000STL110,SYPJCC-8F-ACC-01PM-KWH
3000STL111,SYPJCC-8F-ACC-02PM-PAMP1
3000STL112,SYPJCC-8F-ACC-02PM-PAMP2
3000STL113,SYPJCC-8F-ACC-02PM-PAMP3
3000STL114,SYPJCC-8F-ACC-02PM-TRMS1
3000STL115,SYPJCC-8F-ACC-02PM-TRMS2
3000STL116,SYPJCC-8F-ACC-02PM-TRMS3
3000STL117,SYPJCC-8F-ACC-02PM-KW
3000STL118,SYPJCC-8F-ACC-02PM-KVAR
3000STL119,SYPJCC-8F-ACC-02PM-KVA
3000STL120,SYPJCC-8F-ACC-02PM-HZ
3000STL121,SYPJCC-8F-ACC-02PM-PF
3000STL122,SYPJCC-8F-ACC-02PM-THDV1
3000STL123,SYPJCC-8F-ACC-02PM-THDV2
3000STL124,SYPJCC-8F-ACC-02PM-THDV3
3000STL125,SYPJCC-8F-ACC-02PM-THDAMP1
3000STL126,SYPJCC-8F-ACC-02PM-THDAMP2
3000STL127,SYPJCC-8F-ACC-02PM-THDAMP3
3000STL128,SYPJCC-8F-ACC-02PM-KWH
3000STL129,SYPJCC-8F-ACC-03PM-PAMP1
3000STL130,SYPJCC-8F-ACC-03PM-PAMP2
3000STL131,SYPJCC-8F-ACC-03PM-PAMP3
3000STL132,SYPJCC-8F-ACC-03PM-TRMS1
3000STL133,SYPJCC-8F-ACC-03PM-TRMS2
3000STL134,SYPJCC-8F-ACC-03PM-TRMS3
3000STL135,SYPJCC-8F-ACC-03PM-KW
3000STL136,SYPJCC-8F-ACC-03PM-KVAR
3000STL137,SYPJCC-8F-ACC-03PM-KVA
3000STL138,SYPJCC-8F-ACC-03PM-HZ
3000STL139,SYPJCC-8F-ACC-03PM-PF
3000STL140,SYPJCC-8F-ACC-03PM-THDV1
3000STL141,SYPJCC-8F-ACC-03PM-THDV2
3000STL142,SYPJCC-8F-ACC-03PM-THDV3
3000STL143,SYPJCC-8F-ACC-03PM-THDAMP1
3000STL144,SYPJCC-8F-ACC-03PM-THDAMP2
3000STL145,SYPJCC-8F-ACC-03PM-THDAMP3
3000STL146,SYPJCC-8F-ACC-03PM-KWH
3000STL147,SYPJCC-8F-ACC-04PM-PAMP1
3000STL148,SYPJCC-8F-ACC-04PM-PAMP2
3000STL149,SYPJCC-8F-ACC-04PM-PAMP3
3000STL150,SYPJCC-8F-ACC-04PM-TRMS1
3000STL151,SYPJCC-8F-ACC-04PM-TRMS2
3000STL152,SYPJCC-8F-ACC-04PM-TRMS3
3000STL153,SYPJCC-8F-ACC-04PM-KW
3000STL154,SYPJCC-8F-ACC-04PM-KVAR
3000STL155,SYPJCC-8F-ACC-04PM-KVA
3000STL156,SYPJCC-8F-ACC-04PM-HZ
3000STL157,SYPJCC-8F-ACC-04PM-PF
3000STL158,SYPJCC-8F-ACC-04PM-THDV1
3000STL159,SYPJCC-8F-ACC-04PM-THDV2
3000STL160,SYPJCC-8F-ACC-04PM-THDV3
3000STL161,SYPJCC-8F-ACC-04PM-THDAMP1
3000STL162,SYPJCC-8F-ACC-04PM-THDAMP2
3000STL163,SYPJCC-8F-ACC-04PM-THDAMP3
3000STL164,SYPJCC-8F-ACC-04PM-KWH
3000STL165,SYPJCC-8F-ACC-01PM-NAMP
3000STL166,SYPJCC-8F-ACC-02PM-NAMP
3000STL167,SYPJCC-8F-ACC-03PM-NAMP
3000STL168,SYPJCC-8F-ACC-04PM-NAMP
3000STL169,SYPJCC-8F-CHWP-01PM-PAMP1
3000STL170,SYPJCC-8F-CHWP-01PM-PAMP2
3000STL171,SYPJCC-8F-CHWP-01PM-PAMP3
3000STL172,SYPJCC-8F-CHWP-01PM-TRMS1
3000STL173,SYPJCC-8F-CHWP-01PM-TRMS2
3000STL174,SYPJCC-8F-CHWP-01PM-TRMS3
3000STL175,SYPJCC-8F-CHWP-01PM-KW
3000STL176,SYPJCC-8F-CHWP-01PM-KVAR
3000STL177,SYPJCC-8F-CHWP-01PM-KVA
3000STL178,SYPJCC-8F-CHWP-01PM-PF
3000STL179,SYPJCC-8F-CHWP-01PM-KWH
3000STL180,SYPJCC-8F-CHWP-02PM-PAMP1
3000STL181,SYPJCC-8F-CHWP-02PM-PAMP2
3000STL182,SYPJCC-8F-CHWP-02PM-PAMP3
3000STL183,SYPJCC-8F-CHWP-02PM-TRMS1
3000STL184,SYPJCC-8F-CHWP-02PM-TRMS2
3000STL185,SYPJCC-8F-CHWP-02PM-TRMS3
3000STL186,SYPJCC-8F-CHWP-02PM-KW
3000STL187,SYPJCC-8F-CHWP-02PM-KVAR
3000STL188,SYPJCC-8F-CHWP-02PM-KVA
3000STL189,SYPJCC-8F-CHWP-02PM-PF
3000STL190,SYPJCC-8F-CHWP-02PM-KWH
3000STL191,SYPJCC-8F-CHWP-03PM-PAMP1
3000STL192,SYPJCC-8F-CHWP-03PM-PAMP2
3000STL193,SYPJCC-8F-CHWP-03PM-PAMP3
3000STL194,SYPJCC-8F-CHWP-03PM-TRMS1
3000STL195,SYPJCC-8F-CHWP-03PM-TRMS2
3000STL196,SYPJCC-8F-CHWP-03PM-TRMS3
3000STL197,SYPJCC-8F-CHWP-03PM-KW
3000STL198,SYPJCC-8F-CHWP-03PM-KVAR
3000STL199,SYPJCC-8F-CHWP-03PM-KVA
3000STL200,SYPJCC-8F-CHWP-03PM-PF
3000STL201,SYPJCC-8F-CHWP-03PM-KWH
3000STL202,SYPJCC-8F-CHWP-04PM-PAMP1
3000STL203,SYPJCC-8F-CHWP-04PM-PAMP2
3000STL204,SYPJCC-8F-CHWP-04PM-PAMP3
3000STL205,SYPJCC-8F-CHWP-04PM-TRMS1
3000STL206,SYPJCC-8F-CHWP-04PM-TRMS2
3000STL207,SYPJCC-8F-CHWP-04PM-TRMS3
3000STL208,SYPJCC-8F-CHWP-04PM-KW
3000STL209,SYPJCC-8F-CHWP-04PM-KVAR
3000STL210,SYPJCC-8F-CHWP-04PM-KVA
3000STL211,SYPJCC-8F-CHWP-04PM-PF
3000STL212,SYPJCC-8F-CHWP-04PM-KWH
3000STL213,SYPJCC-8F-CHWP-05PM-PAMP1
3000STL214,SYPJCC-8F-CHWP-05PM-PAMP2
3000STL215,SYPJCC-8F-CHWP-05PM-PAMP3
3000STL216,SYPJCC-8F-CHWP-05PM-TRMS1
3000STL217,SYPJCC-8F-CHWP-05PM-TRMS2
3000STL218,SYPJCC-8F-CHWP-05PM-TRMS3
3000STL219,SYPJCC-8F-CHWP-05PM-KW
3000STL220,SYPJCC-8F-CHWP-05PM-KVAR
3000STL221,SYPJCC-8F-CHWP-05PM-KVA
3000STL222,SYPJCC-8F-CHWP-05PM-PF
3000STL223,SYPJCC-8F-CHWP-05PM-KWH
3000STL224,SYPJCC-8F-CHWP-01PM-NAMP
3000STL225,SYPJCC-8F-CHWP-02PM-NAMP
3000STL226,SYPJCC-8F-CHWP-03PM-NAMP
3000STL227,SYPJCC-8F-CHWP-04PM-NAMP
3000STL228,SYPJCC-8F-CHWP-05PM-NAMP
3000STL229,SYPJCC-GF-LVMCCB-E-PAMP1
3000STL230,SYPJCC-GF-LVMCCB-E-PAMP2
3000STL231,SYPJCC-GF-LVMCCB-E-PAMP3
3000STL232,SYPJCC-GF-LVMCCB-E-NAMP
3000STL233,SYPJCC-GF-LVMCCB-E-CU
3000STL234,SYPJCC-GF-LVMCCB-E-TRMS1
3000STL235,SYPJCC-GF-LVMCCB-E-TRMS2
3000STL236,SYPJCC-GF-LVMCCB-E-TRMS3
3000STL237,SYPJCC-GF-LVMCCB-E-KW1
3000STL238,SYPJCC-GF-LVMCCB-E-KW2
3000STL239,SYPJCC-GF-LVMCCB-E-KW3
3000STL240,SYPJCC-GF-LVMCCB-E-KW
3000STL241,SYPJCC-GF-LVMCCB-E-KVAR1
3000STL242,SYPJCC-GF-LVMCCB-E-KVAR2
3000STL243,SYPJCC-GF-LVMCCB-E-KVAR3
3000STL244,SYPJCC-GF-LVMCCB-E-KVAR
3000STL245,SYPJCC-GF-LVMCCB-E-KVA1
3000STL246,SYPJCC-GF-LVMCCB-E-KVA2
3000STL247,SYPJCC-GF-LVMCCB-E-KVA3
3000STL248,SYPJCC-GF-LVMCCB-E-KVA
3000STL249,SYPJCC-GF-LVMCCB-E-HZ
3000STL250,SYPJCC-GF-LVMCCB-E-PF
3000STL251,SYPJCC-GF-LVMCCB-E-THDV1
3000STL252,SYPJCC-GF-LVMCCB-E-THDV2
3000STL253,SYPJCC-GF-LVMCCB-E-THDV3
3000STL254,SYPJCC-GF-LVMCCB-E-THDAMP1
3000STL255,SYPJCC-GF-LVMCCB-E-THDAMP2
3000STL256,SYPJCC-GF-LVMCCB-E-THDAMP3
3000STL257,SYPJCC-GF-LVMCCB-E-HHD
3000STL258,SYPJCC-GF-LVMCCB-E-KWH
3000STL259,SYPJCC-GF-LVMCCB-E-HNAMP
3000STL260,SYPJCC-GF-LVMCCB-E
3000STL261,SYPJCC-GF-LVMCCB-E-MAXCDTH
3000STL262,SYPJCC-GF-LVMCCB-E-MINCDTH
3000STL263,SYPJCC-GF-LVMACB-A-PAMP1
3000STL264,SYPJCC-GF-LVMACB-A-PAMP2
3000STL265,SYPJCC-GF-LVMACB-A-PAMP3
3000STL266,SYPJCC-GF-LVMACB-A-NAMP
3000STL267,SYPJCC-GF-LVMCCB-A-CU
3000STL268,SYPJCC-GF-LVMACB-A-TRMS1
3000STL269,SYPJCC-GF-LVMACB-A-TRMS2
3000STL270,SYPJCC-GF-LVMACB-A-TRMS3
3000STL271,SYPJCC-GF-LVMACB-A-KW1
3000STL272,SYPJCC-GF-LVMACB-A-KW2
3000STL273,SYPJCC-GF-LVMACB-A-KW3
3000STL274,SYPJCC-GF-LVMACB-A-KW
3000STL275,SYPJCC-GF-LVMACB-A-KVAR1
3000STL276,SYPJCC-GF-LVMACB-A-KVAR2
3000STL277,SYPJCC-GF-LVMACB-A-KVAR3
3000STL278,SYPJCC-GF-LVMACB-A-KVAR
3000STL279,SYPJCC-GF-LVMACB-A-KVA1
3000STL280,SYPJCC-GF-LVMACB-A-KVA2
3000STL281,SYPJCC-GF-LVMACB-A-KVA3
3000STL282,SYPJCC-GF-LVMACB-A-KVA
3000STL283,SYPJCC-GF-LVMACB-A-HZ
3000STL284,SYPJCC-GF-LVMACB-A-PF
3000STL285,SYPJCC-GF-LVMACB-A-THDV1
3000STL286,SYPJCC-GF-LVMACB-A-THDV2
3000STL287,SYPJCC-GF-LVMACB-A-THDV3
3000STL288,SYPJCC-GF-LVMACB-A-THDAMP1
3000STL289,SYPJCC-GF-LVMACB-A-THDAMP2
3000STL290,SYPJCC-GF-LVMACB-A-THDAMP3
3000STL291,SYPJCC-GF-LVMCCB-A-HHD
3000STL292,SYPJCC-GF-LVMACB-A-KWH
3000STL293,SYPJCC-GF-LVMACB-A-HNAMP
3000STL294,SYPJCC-GF-LVMACB-A
3000STL295,SYPJCC-GF-LVMACB-A-MAXCDTH
3000STL296,SYPJCC-GF-LVMACB-A-MINCDTH
3000STL297,SYPJCC-RF-OUT
3000STL298,SYPJCC-RF-OURH
3000STL299,SYPJCC-RF-OUEN
3000STL300,SYPJCC-RF-OUWETBT
4000STL1,SYPJCC-GF-LVMCB-A5-PAMP1
4000STL2,SYPJCC-GF-LVMCB-A5-PAMP2
4000STL3,SYPJCC-GF-LVMCB-A5-PAMP3
4000STL4,SYPJCC-GF-LVMCB-A5-NAMP
4000STL5,SYPJCC-GF-LVMCB-A5-CU
4000STL6,SYPJCC-GF-LVMCB-A5-TRMS1
4000STL7,SYPJCC-GF-LVMCB-A5-TRMS2
4000STL8,SYPJCC-GF-LVMCB-A5-TRMS3
4000STL9,SYPJCC-GF-LVMCB-A5-KW1
4000STL10,SYPJCC-GF-LVMCB-A5-KW2
4000STL11,SYPJCC-GF-LVMCB-A5-KW3
4000STL12,SYPJCC-GF-LVMCB-A5-KW
4000STL13,SYPJCC-GF-LVMCB-A5-KVAR1
4000STL14,SYPJCC-GF-LVMCB-A5-KVAR2
4000STL15,SYPJCC-GF-LVMCB-A5-KVAR3
4000STL16,SYPJCC-GF-LVMCB-A5-KVAR
4000STL17,SYPJCC-GF-LVMCB-A5-KVA1
4000STL18,SYPJCC-GF-LVMCB-A5-KVA2
4000STL19,SYPJCC-GF-LVMCB-A5-KVA3
4000STL20,SYPJCC-GF-LVMCB-A5-KVA
4000STL21,SYPJCC-GF-LVMCB-A5-HZ
4000STL22,SYPJCC-GF-LVMCB-A5-PF
4000STL23,SYPJCC-GF-LVMCB-A5-THDV1
4000STL24,SYPJCC-GF-LVMCB-A5-THDV2
4000STL25,SYPJCC-GF-LVMCB-A5-THDV3
4000STL26,SYPJCC-GF-LVMCB-A5-THDAMP1
4000STL27,SYPJCC-GF-LVMCB-A5-THDAMP2
4000STL28,SYPJCC-GF-LVMCB-A5-THDAMP3
4000STL29,SYPJCC-GF-LVMCB-A5-HHD
4000STL30,SYPJCC-GF-LVMCB-A5-KWH
4000STL31,SYPJCC-GF-LVMCB-A5-HNAMP
4000STL32,SYPJCC-GF-LVMCB-A5-LPF
4000STL33,SYPJCC-GF-LVMCB-A5-MAXCDTH
4000STL34,SYPJCC-GF-LVMCB-A5-MINCDTH
4000STL35,SYPJCC-GF-LVMCB-A6-PAMP1
4000STL36,SYPJCC-GF-LVMCB-A6-PAMP2
4000STL37,SYPJCC-GF-LVMCB-A6-PAMP3
4000STL38,SYPJCC-GF-LVMCB-A6-NAMP
4000STL39,SYPJCC-GF-LVMCB-A6-CU
4000STL40,SYPJCC-GF-LVMCB-A6-TRMS1
4000STL41,SYPJCC-GF-LVMCB-A6-TRMS2
4000STL42,SYPJCC-GF-LVMCB-A6-TRMS3
4000STL43,SYPJCC-GF-LVMCB-A6-KW1
4000STL44,SYPJCC-GF-LVMCB-A6-KW2
4000STL45,SYPJCC-GF-LVMCB-A6-KW3
4000STL46,SYPJCC-GF-LVMCB-A6-KW
4000STL47,SYPJCC-GF-LVMCB-A6-KVAR1
4000STL48,SYPJCC-GF-LVMCB-A6-KVAR2
4000STL49,SYPJCC-GF-LVMCB-A6-KVAR3
4000STL50,SYPJCC-GF-LVMCB-A6-KVAR
4000STL51,SYPJCC-GF-LVMCB-A6-KVA1
4000STL52,SYPJCC-GF-LVMCB-A6-KVA2
4000STL53,SYPJCC-GF-LVMCB-A6-KVA3
4000STL54,SYPJCC-GF-LVMCB-A6-KVA
4000STL55,SYPJCC-GF-LVMCB-A6-HZ
4000STL56,SYPJCC-GF-LVMCB-A6-PF
4000STL57,SYPJCC-GF-LVMCB-A6-THDV1
4000STL58,SYPJCC-GF-LVMCB-A6-THDV2
4000STL59,SYPJCC-GF-LVMCB-A6-THDV3
4000STL60,SYPJCC-GF-LVMCB-A6-THDAMP1
4000STL61,SYPJCC-GF-LVMCB-A6-THDAMP2
4000STL62,SYPJCC-GF-LVMCB-A6-THDAMP3
4000STL63,SYPJCC-GF-LVMCB-A6-HHD
4000STL64,SYPJCC-GF-LVMCB-A6-KWH
4000STL65,SYPJCC-GF-LVMCB-A6-HNAMP
4000STL66,SYPJCC-GF-LVMCB-A6-LPF
4000STL67,SYPJCC-GF-LVMCB-A6-MAXCDTH
4000STL68,SYPJCC-GF-LVMCB-A6-MINCDTH
4000STL69,SYPJCC-GF-LVMCB-A7-PAMP1
4000STL70,SYPJCC-GF-LVMCB-A7-PAMP2
4000STL71,SYPJCC-GF-LVMCB-A7-PAMP3
4000STL72,SYPJCC-GF-LVMCB-A7-NAMP
4000STL73,SYPJCC-GF-LVMCB-A7-CU
4000STL74,SYPJCC-GF-LVMCB-A7-TRMS1
4000STL75,SYPJCC-GF-LVMCB-A7-TRMS2
4000STL76,SYPJCC-GF-LVMCB-A7-TRMS3
4000STL77,SYPJCC-GF-LVMCB-A7-KW1
4000STL78,SYPJCC-GF-LVMCB-A7-KW2
4000STL79,SYPJCC-GF-LVMCB-A7-KW3
4000STL80,SYPJCC-GF-LVMCB-A7-KW
4000STL81,SYPJCC-GF-LVMCB-A7-KVAR1
4000STL82,SYPJCC-GF-LVMCB-A7-KVAR2
4000STL83,SYPJCC-GF-LVMCB-A7-KVAR3
4000STL84,SYPJCC-GF-LVMCB-A7-KVAR
4000STL85,SYPJCC-GF-LVMCB-A7-KVA1
4000STL86,SYPJCC-GF-LVMCB-A7-KVA2
4000STL87,SYPJCC-GF-LVMCB-A7-KVA3
4000STL88,SYPJCC-GF-LVMCB-A7-KVA
4000STL89,SYPJCC-GF-LVMCB-A7-HZ
4000STL90,SYPJCC-GF-LVMCB-A7-PF
4000STL91,SYPJCC-GF-LVMCB-A7-THDV1
4000STL92,SYPJCC-GF-LVMCB-A7-THDV2
4000STL93,SYPJCC-GF-LVMCB-A7-THDV3
4000STL94,SYPJCC-GF-LVMCB-A7-THDAMP1
4000STL95,SYPJCC-GF-LVMCB-A7-THDAMP2
4000STL96,SYPJCC-GF-LVMCB-A7-THDAMP3
4000STL97,SYPJCC-GF-LVMCB-A7-HHD
4000STL98,SYPJCC-GF-LVMCB-A7-KWH
4000STL99,SYPJCC-GF-LVMCB-A7-HNAMP
4000STL100,SYPJCC-GF-LVMCB-A7-LPF
4000STL101,SYPJCC-GF-LVMCB-A7-MAXCDTH
4000STL102,SYPJCC-GF-LVMCB-A7-MINCDTH
4000STL103,SYPJCC-GF-LVMCB-A8-PAMP1
4000STL104,SYPJCC-GF-LVMCB-A8-PAMP2
4000STL105,SYPJCC-GF-LVMCB-A8-PAMP3
4000STL106,SYPJCC-GF-LVMCB-A8-NAMP
4000STL107,SYPJCC-GF-LVMCB-A8-CU
4000STL108,SYPJCC-GF-LVMCB-A8-TRMS1
4000STL109,SYPJCC-GF-LVMCB-A8-TRMS2
4000STL110,SYPJCC-GF-LVMCB-A8-TRMS3
4000STL111,SYPJCC-GF-LVMCB-A8-KW1
4000STL112,SYPJCC-GF-LVMCB-A8-KW2
4000STL113,SYPJCC-GF-LVMCB-A8-KW3
4000STL114,SYPJCC-GF-LVMCB-A8-KW
4000STL115,SYPJCC-GF-LVMCB-A8-KVAR1
4000STL116,SYPJCC-GF-LVMCB-A8-KVAR2
4000STL117,SYPJCC-GF-LVMCB-A8-KVAR3
4000STL118,SYPJCC-GF-LVMCB-A8-KVAR
4000STL119,SYPJCC-GF-LVMCB-A8-KVA1
4000STL120,SYPJCC-GF-LVMCB-A8-KVA2
4000STL121,SYPJCC-GF-LVMCB-A8-KVA3
4000STL122,SYPJCC-GF-LVMCB-A8-KVA
4000STL123,SYPJCC-GF-LVMCB-A8-HZ
4000STL124,SYPJCC-GF-LVMCB-A8-PF
4000STL125,SYPJCC-GF-LVMCB-A8-THDV1
4000STL126,SYPJCC-GF-LVMCB-A8-THDV2
4000STL127,SYPJCC-GF-LVMCB-A8-THDV3
4000STL128,SYPJCC-GF-LVMCB-A8-THDAMP1
4000STL129,SYPJCC-GF-LVMCB-A8-THDAMP2
4000STL130,SYPJCC-GF-LVMCB-A8-THDAMP3
4000STL131,SYPJCC-GF-LVMCB-A8-HHD
4000STL132,SYPJCC-GF-LVMCB-A8-KWH
4000STL133,SYPJCC-GF-LVMCB-A8-HNAMP
4000STL134,SYPJCC-GF-LVMCB-A8-LPF
4000STL135,SYPJCC-GF-LVMCB-A8-MAXCDTH
4000STL136,SYPJCC-GF-LVMCB-A8-MINCDTH
4000STL137,SYPJCC-GF-LVMCB-A9-PAMP1
4000STL138,SYPJCC-GF-LVMCB-A9-PAMP2
4000STL139,SYPJCC-GF-LVMCB-A9-PAMP3
4000STL140,SYPJCC-GF-LVMCB-A9-NAMP
4000STL141,SYPJCC-GF-LVMCB-A9-CU
4000STL142,SYPJCC-GF-LVMCB-A9-TRMS1
4000STL143,SYPJCC-GF-LVMCB-A9-TRMS2
4000STL144,SYPJCC-GF-LVMCB-A9-TRMS3
4000STL145,SYPJCC-GF-LVMCB-A9-KW1
4000STL146,SYPJCC-GF-LVMCB-A9-KW2
4000STL147,SYPJCC-GF-LVMCB-A9-KW3
4000STL148,SYPJCC-GF-LVMCB-A9-KW
4000STL149,SYPJCC-GF-LVMCB-A9-KVAR1
4000STL150,SYPJCC-GF-LVMCB-A9-KVAR2
4000STL151,SYPJCC-GF-LVMCB-A9-KVAR3
4000STL152,SYPJCC-GF-LVMCB-A9-KVAR
4000STL153,SYPJCC-GF-LVMCB-A9-KVA1
4000STL154,SYPJCC-GF-LVMCB-A9-KVA2
4000STL155,SYPJCC-GF-LVMCB-A9-KVA3
4000STL156,SYPJCC-GF-LVMCB-A9-KVA
4000STL157,SYPJCC-GF-LVMCB-A9-HZ
4000STL158,SYPJCC-GF-LVMCB-A9-PF
4000STL159,SYPJCC-GF-LVMCB-A9-THDV1
4000STL160,SYPJCC-GF-LVMCB-A9-THDV2
4000STL161,SYPJCC-GF-LVMCB-A9-THDV3
4000STL162,SYPJCC-GF-LVMCB-A9-THDAMP1
4000STL163,SYPJCC-GF-LVMCB-A9-THDAMP2
4000STL164,SYPJCC-GF-LVMCB-A9-THDAMP3
4000STL165,SYPJCC-GF-LVMCB-A9-HHD
4000STL166,SYPJCC-GF-LVMCB-A9-KWH
4000STL167,SYPJCC-GF-LVMCB-A9-HNAMP
4000STL168,SYPJCC-GF-LVMCB-A9-LPF
4000STL169,SYPJCC-GF-LVMCB-A9-MAXCDTH
4000STL170,SYPJCC-GF-LVMCB-A9-MINCDTH
4000STL171,SYPJCC-GF-LVMCB-A10-PAMP1
4000STL172,SYPJCC-GF-LVMCB-A10-PAMP2
4000STL173,SYPJCC-GF-LVMCB-A10-PAMP3
4000STL174,SYPJCC-GF-LVMCB-A10-NAMP
4000STL175,SYPJCC-GF-LVMCB-A10-CU
4000STL176,SYPJCC-GF-LVMCB-A10-TRMS1
4000STL177,SYPJCC-GF-LVMCB-A10-TRMS2
4000STL178,SYPJCC-GF-LVMCB-A10-TRMS3
4000STL179,SYPJCC-GF-LVMCB-A10-KW1
4000STL180,SYPJCC-GF-LVMCB-A10-KW2
4000STL181,SYPJCC-GF-LVMCB-A10-KW3
4000STL182,SYPJCC-GF-LVMCB-A10-KW
4000STL183,SYPJCC-GF-LVMCB-A10-KVAR1
4000STL184,SYPJCC-GF-LVMCB-A10-KVAR2
4000STL185,SYPJCC-GF-LVMCB-A10-KVAR3
4000STL186,SYPJCC-GF-LVMCB-A10-KVAR
4000STL187,SYPJCC-GF-LVMCB-A10-KVA1
4000STL188,SYPJCC-GF-LVMCB-A10-KVA2
4000STL189,SYPJCC-GF-LVMCB-A10-KVA3
4000STL190,SYPJCC-GF-LVMCB-A10-KVA
4000STL191,SYPJCC-GF-LVMCB-A10-HZ
4000STL192,SYPJCC-GF-LVMCB-A10-PF
4000STL193,SYPJCC-GF-LVMCB-A10-THDV1
4000STL194,SYPJCC-GF-LVMCB-A10-THDV2
4000STL195,SYPJCC-GF-LVMCB-A10-THDV3
4000STL196,SYPJCC-GF-LVMCB-A10-THDAMP1
4000STL197,SYPJCC-GF-LVMCB-A10-THDAMP2
4000STL198,SYPJCC-GF-LVMCB-A10-THDAMP3
4000STL199,SYPJCC-GF-LVMCB-A10-HHD
4000STL200,SYPJCC-GF-LVMCB-A10-KWH
4000STL201,SYPJCC-GF-LVMCB-A10-HNAMP
4000STL202,SYPJCC-GF-LVMCB-A10-LPF
4000STL203,SYPJCC-GF-LVMCB-A10-MAXCDTH
4000STL204,SYPJCC-GF-LVMCB-A10-MINCDTH
4000STL205,SYPJCC-GF-LVMCB-A11-PAMP1
4000STL206,SYPJCC-GF-LVMCB-A11-PAMP2
4000STL207,SYPJCC-GF-LVMCB-A11-PAMP3
4000STL208,SYPJCC-GF-LVMCB-A11-NAMP
4000STL209,SYPJCC-GF-LVMCB-A11-CU
4000STL210,SYPJCC-GF-LVMCB-A11-TRMS1
4000STL211,SYPJCC-GF-LVMCB-A11-TRMS2
4000STL212,SYPJCC-GF-LVMCB-A11-TRMS3
4000STL213,SYPJCC-GF-LVMCB-A11-KW1
4000STL214,SYPJCC-GF-LVMCB-A11-KW2
4000STL215,SYPJCC-GF-LVMCB-A11-KW3
4000STL216,SYPJCC-GF-LVMCB-A11-KW
4000STL217,SYPJCC-GF-LVMCB-A11-KVAR1
4000STL218,SYPJCC-GF-LVMCB-A11-KVAR2
4000STL219,SYPJCC-GF-LVMCB-A11-KVAR3
4000STL220,SYPJCC-GF-LVMCB-A11-KVAR
4000STL221,SYPJCC-GF-LVMCB-A11-KVA1
4000STL222,SYPJCC-GF-LVMCB-A11-KVA2
4000STL223,SYPJCC-GF-LVMCB-A11-KVA3
4000STL224,SYPJCC-GF-LVMCB-A11-KVA
4000STL225,SYPJCC-GF-LVMCB-A11-HZ
4000STL226,SYPJCC-GF-LVMCB-A11-PF
4000STL227,SYPJCC-GF-LVMCB-A11-THDV1
4000STL228,SYPJCC-GF-LVMCB-A11-THDV2
4000STL229,SYPJCC-GF-LVMCB-A11-THDV3
4000STL230,SYPJCC-GF-LVMCB-A11-THDAMP1
4000STL231,SYPJCC-GF-LVMCB-A11-THDAMP2
4000STL232,SYPJCC-GF-LVMCB-A11-THDAMP3
4000STL233,SYPJCC-GF-LVMCB-A11-HHD
4000STL234,SYPJCC-GF-LVMCB-A11-KWH
4000STL235,SYPJCC-GF-LVMCB-A11-HNAMP
4000STL236,SYPJCC-GF-LVMCB-A11-LPF
4000STL237,SYPJCC-GF-LVMCB-A11-MAXCDTH
4000STL238,SYPJCC-GF-LVMCB-A11-MINCDTH
4000STL239,SYPJCC-GF-LVMCB-A12-PAMP1
4000STL240,SYPJCC-GF-LVMCB-A12-PAMP2
4000STL241,SYPJCC-GF-LVMCB-A12-PAMP3
4000STL242,SYPJCC-GF-LVMCB-A12-NAMP
4000STL243,SYPJCC-GF-LVMCB-A12-CU
4000STL244,SYPJCC-GF-LVMCB-A12-TRMS1
4000STL245,SYPJCC-GF-LVMCB-A12-TRMS2
4000STL246,SYPJCC-GF-LVMCB-A12-TRMS3
4000STL247,SYPJCC-GF-LVMCB-A12-KW1
4000STL248,SYPJCC-GF-LVMCB-A12-KW2
4000STL249,SYPJCC-GF-LVMCB-A12-KW3
4000STL250,SYPJCC-GF-LVMCB-A12-KW
4000STL251,SYPJCC-GF-LVMCB-A12-KVAR1
4000STL252,SYPJCC-GF-LVMCB-A12-KVAR2
4000STL253,SYPJCC-GF-LVMCB-A12-KVAR3
4000STL254,SYPJCC-GF-LVMCB-A12-KVAR
4000STL255,SYPJCC-GF-LVMCB-A12-KVA1
4000STL256,SYPJCC-GF-LVMCB-A12-KVA2
4000STL257,SYPJCC-GF-LVMCB-A12-KVA3
4000STL258,SYPJCC-GF-LVMCB-A12-KVA
4000STL259,SYPJCC-GF-LVMCB-A12-HZ
4000STL260,SYPJCC-GF-LVMCB-A12-PF
4000STL261,SYPJCC-GF-LVMCB-A12-THDV1
4000STL262,SYPJCC-GF-LVMCB-A12-THDV2
4000STL263,SYPJCC-GF-LVMCB-A12-THDV3
4000STL264,SYPJCC-GF-LVMCB-A12-THDAMP1
4000STL265,SYPJCC-GF-LVMCB-A12-THDAMP2
4000STL266,SYPJCC-GF-LVMCB-A12-THDAMP3
4000STL267,SYPJCC-GF-LVMCB-A12-HHD
4000STL268,SYPJCC-GF-LVMCB-A12-KWH
4000STL269,SYPJCC-GF-LVMCB-A12-HNAMP
4000STL270,SYPJCC-GF-LVMCB-A12-LPF
4000STL271,SYPJCC-GF-LVMCB-A12-MAXCDTH
4000STL272,SYPJCC-GF-LVMCB-A12-MINCDTH
4000STL273,SYPJCC-8F-ACC-01PM-KW1
4000STL274,SYPJCC-8F-ACC-01PM-KW2
4000STL275,SYPJCC-8F-ACC-01PM-KW3
4000STL276,SYPJCC-8F-ACC-02PM-KW1
4000STL277,SYPJCC-8F-ACC-02PM-KW2
4000STL278,SYPJCC-8F-ACC-02PM-KW3
4000STL279,SYPJCC-8F-ACC-03PM-KW1
4000STL280,SYPJCC-8F-ACC-03PM-KW2
4000STL281,SYPJCC-8F-ACC-03PM-KW3
4000STL282,SYPJCC-8F-ACC-04PM-KW1
4000STL283,SYPJCC-8F-ACC-04PM-KW2
4000STL284,SYPJCC-8F-ACC-04PM-KW3
4000STL285,SYPJCC-8F-ACC-01-KWH
4000STL286,SYPJCC-8F-ACC-02-KWH
4000STL287,SYPJCC-8F-ACC-03-KWH
4000STL288,SYPJCC-8F-ACC-04-KWH
4000STL289,SYPJCC-8F-ACC-01-RUNS
4000STL290,SYPJCC-8F-ACC-02-RUNS
4000STL291,SYPJCC-8F-ACC-03-RUNS
4000STL292,SYPJCC-8F-ACC-04-RUNS
5000STL1,SYPJCC-GF-LVMCB-A21-PAMP1
5000STL2,SYPJCC-GF-LVMCB-A21-PAMP2
5000STL3,SYPJCC-GF-LVMCB-A21-PAMP3
5000STL4,SYPJCC-GF-LVMCB-A21-NAMP
5000STL5,SYPJCC-GF-LVMCB-A21-CU
5000STL6,SYPJCC-GF-LVMCB-A21-TRMS1
5000STL7,SYPJCC-GF-LVMCB-A21-TRMS2
5000STL8,SYPJCC-GF-LVMCB-A21-TRMS3
5000STL9,SYPJCC-GF-LVMCB-A21-KW1
5000STL10,SYPJCC-GF-LVMCB-A21-KW2
5000STL11,SYPJCC-GF-LVMCB-A21-KW3
5000STL12,SYPJCC-GF-LVMCB-A21-KW
5000STL13,SYPJCC-GF-LVMCB-A21-KVAR1
5000STL14,SYPJCC-GF-LVMCB-A21-KVAR2
5000STL15,SYPJCC-GF-LVMCB-A21-KVAR3
5000STL16,SYPJCC-GF-LVMCB-A21-KVAR
5000STL17,SYPJCC-GF-LVMCB-A21-KVA1
5000STL18,SYPJCC-GF-LVMCB-A21-KVA2
5000STL19,SYPJCC-GF-LVMCB-A21-KVA3
5000STL20,SYPJCC-GF-LVMCB-A21-KVA
5000STL21,SYPJCC-GF-LVMCB-A21-HZ
5000STL22,SYPJCC-GF-LVMCB-A21-PF
5000STL23,SYPJCC-GF-LVMCB-A21-THDV1
5000STL24,SYPJCC-GF-LVMCB-A21-THDV2
5000STL25,SYPJCC-GF-LVMCB-A21-THDV3
5000STL26,SYPJCC-GF-LVMCB-A21-THDAMP1
5000STL27,SYPJCC-GF-LVMCB-A21-THDAMP2
5000STL28,SYPJCC-GF-LVMCB-A21-THDAMP3
5000STL29,SYPJCC-GF-LVMCB-A21-HHD
5000STL30,SYPJCC-GF-LVMCB-A21-KWH
5000STL31,SYPJCC-GF-LVMCB-A21-HNAMP
5000STL32,SYPJCC-GF-LVMCB-A21-LPF
5000STL33,SYPJCC-GF-LVMCB-A21-MAXCDTH
5000STL34,SYPJCC-GF-LVMCB-A21-MINCDTH
5000STL35,SYPJCC-GF-LVMCB-A22-PAMP1
5000STL36,SYPJCC-GF-LVMCB-A22-PAMP2
5000STL37,SYPJCC-GF-LVMCB-A22-PAMP3
5000STL38,SYPJCC-GF-LVMCB-A22-NAMP
5000STL39,SYPJCC-GF-LVMCB-A22-CU
5000STL40,SYPJCC-GF-LVMCB-A22-TRMS1
5000STL41,SYPJCC-GF-LVMCB-A22-TRMS2
5000STL42,SYPJCC-GF-LVMCB-A22-TRMS3
5000STL43,SYPJCC-GF-LVMCB-A22-KW1
5000STL44,SYPJCC-GF-LVMCB-A22-KW2
5000STL45,SYPJCC-GF-LVMCB-A22-KW3
5000STL46,SYPJCC-GF-LVMCB-A22-KW
5000STL47,SYPJCC-GF-LVMCB-A22-KVAR1
5000STL48,SYPJCC-GF-LVMCB-A22-KVAR2
5000STL49,SYPJCC-GF-LVMCB-A22-KVAR3
5000STL50,SYPJCC-GF-LVMCB-A22-KVAR
5000STL51,SYPJCC-GF-LVMCB-A22-KVA1
5000STL52,SYPJCC-GF-LVMCB-A22-KVA2
5000STL53,SYPJCC-GF-LVMCB-A22-KVA3
5000STL54,SYPJCC-GF-LVMCB-A22-KVA
5000STL55,SYPJCC-GF-LVMCB-A22-HZ
5000STL56,SYPJCC-GF-LVMCB-A22-PF
5000STL57,SYPJCC-GF-LVMCB-A22-THDV1
5000STL58,SYPJCC-GF-LVMCB-A22-THDV2
5000STL59,SYPJCC-GF-LVMCB-A22-THDV3
5000STL60,SYPJCC-GF-LVMCB-A22-THDAMP1
5000STL61,SYPJCC-GF-LVMCB-A22-THDAMP2
5000STL62,SYPJCC-GF-LVMCB-A22-THDAMP3
5000STL63,SYPJCC-GF-LVMCB-A22-HHD
5000STL64,SYPJCC-GF-LVMCB-A22-KWH
5000STL65,SYPJCC-GF-LVMCB-A22-HNAMP
5000STL66,SYPJCC-GF-LVMCB-A22-LPF
5000STL67,SYPJCC-GF-LVMCB-A22-MAXCDTH
5000STL68,SYPJCC-GF-LVMCB-A22-MINCDTH
5000STL69,SYPJCC-GF-LVMCB-A23-PAMP1
5000STL70,SYPJCC-GF-LVMCB-A23-PAMP2
5000STL71,SYPJCC-GF-LVMCB-A23-PAMP3
5000STL72,SYPJCC-GF-LVMCB-A23-NAMP
5000STL73,SYPJCC-GF-LVMCB-A23-CU
5000STL74,SYPJCC-GF-LVMCB-A23-TRMS1
5000STL75,SYPJCC-GF-LVMCB-A23-TRMS2
5000STL76,SYPJCC-GF-LVMCB-A23-TRMS3
5000STL77,SYPJCC-GF-LVMCB-A23-KW1
5000STL78,SYPJCC-GF-LVMCB-A23-KW2
5000STL79,SYPJCC-GF-LVMCB-A23-KW3
5000STL80,SYPJCC-GF-LVMCB-A23-KW
5000STL81,SYPJCC-GF-LVMCB-A23-KVAR1
5000STL82,SYPJCC-GF-LVMCB-A23-KVAR2
5000STL83,SYPJCC-GF-LVMCB-A23-KVAR3
5000STL84,SYPJCC-GF-LVMCB-A23-KVAR
5000STL85,SYPJCC-GF-LVMCB-A23-KVA1
5000STL86,SYPJCC-GF-LVMCB-A23-KVA2
5000STL87,SYPJCC-GF-LVMCB-A23-KVA3
5000STL88,SYPJCC-GF-LVMCB-A23-KVA
5000STL89,SYPJCC-GF-LVMCB-A23-HZ
5000STL90,SYPJCC-GF-LVMCB-A23-PF
5000STL91,SYPJCC-GF-LVMCB-A23-THDV1
5000STL92,SYPJCC-GF-LVMCB-A23-THDV2
5000STL93,SYPJCC-GF-LVMCB-A23-THDV3
5000STL94,SYPJCC-GF-LVMCB-A23-THDAMP1
5000STL95,SYPJCC-GF-LVMCB-A23-THDAMP2
5000STL96,SYPJCC-GF-LVMCB-A23-THDAMP3
5000STL97,SYPJCC-GF-LVMCB-A23-HHD
5000STL98,SYPJCC-GF-LVMCB-A23-KWH
5000STL99,SYPJCC-GF-LVMCB-A23-HNAMP
5000STL100,SYPJCC-GF-LVMCB-A23-LPF
5000STL101,SYPJCC-GF-LVMCB-A23-MAXCDTH
5000STL102,SYPJCC-GF-LVMCB-A23-MINCDTH
5000STL103,SYPJCC-GF-LVMCB-A24-PAMP1
5000STL104,SYPJCC-GF-LVMCB-A24-PAMP2
5000STL105,SYPJCC-GF-LVMCB-A24-PAMP3
5000STL106,SYPJCC-GF-LVMCB-A24-NAMP
5000STL107,SYPJCC-GF-LVMCB-A24-CU
5000STL108,SYPJCC-GF-LVMCB-A24-TRMS1
5000STL109,SYPJCC-GF-LVMCB-A24-TRMS2
5000STL110,SYPJCC-GF-LVMCB-A24-TRMS3
5000STL111,SYPJCC-GF-LVMCB-A24-KW1
5000STL112,SYPJCC-GF-LVMCB-A24-KW2
5000STL113,SYPJCC-GF-LVMCB-A24-KW3
5000STL114,SYPJCC-GF-LVMCB-A24-KW
5000STL115,SYPJCC-GF-LVMCB-A24-KVAR1
5000STL116,SYPJCC-GF-LVMCB-A24-KVAR2
5000STL117,SYPJCC-GF-LVMCB-A24-KVAR3
5000STL118,SYPJCC-GF-LVMCB-A24-KVAR
5000STL119,SYPJCC-GF-LVMCB-A24-KVA1
5000STL120,SYPJCC-GF-LVMCB-A24-KVA2
5000STL121,SYPJCC-GF-LVMCB-A24-KVA3
5000STL122,SYPJCC-GF-LVMCB-A24-KVA
5000STL123,SYPJCC-GF-LVMCB-A24-HZ
5000STL124,SYPJCC-GF-LVMCB-A24-PF
5000STL125,SYPJCC-GF-LVMCB-A24-THDV1
5000STL126,SYPJCC-GF-LVMCB-A24-THDV2
5000STL127,SYPJCC-GF-LVMCB-A24-THDV3
5000STL128,SYPJCC-GF-LVMCB-A24-THDAMP1
5000STL129,SYPJCC-GF-LVMCB-A24-THDAMP2
5000STL130,SYPJCC-GF-LVMCB-A24-THDAMP3
5000STL131,SYPJCC-GF-LVMCB-A24-HHD
5000STL132,SYPJCC-GF-LVMCB-A24-KWH
5000STL133,SYPJCC-GF-LVMCB-A24-HNAMP
5000STL134,SYPJCC-GF-LVMCB-A24-LPF
5000STL135,SYPJCC-GF-LVMCB-A24-MAXCDTH
5000STL136,SYPJCC-GF-LVMCB-A24-MINCDTH
5000STL137,SYPJCC-GF-LVMCB-A25-PAMP1
5000STL138,SYPJCC-GF-LVMCB-A25-PAMP2
5000STL139,SYPJCC-GF-LVMCB-A25-PAMP3
5000STL140,SYPJCC-GF-LVMCB-A25-NAMP
5000STL141,SYPJCC-GF-LVMCB-A25-CU
5000STL142,SYPJCC-GF-LVMCB-A25-TRMS1
5000STL143,SYPJCC-GF-LVMCB-A25-TRMS2
5000STL144,SYPJCC-GF-LVMCB-A25-TRMS3
5000STL145,SYPJCC-GF-LVMCB-A25-KW1
5000STL146,SYPJCC-GF-LVMCB-A25-KW2
5000STL147,SYPJCC-GF-LVMCB-A25-KW3
5000STL148,SYPJCC-GF-LVMCB-A25-KW
5000STL149,SYPJCC-GF-LVMCB-A25-KVAR1
5000STL150,SYPJCC-GF-LVMCB-A25-KVAR2
5000STL151,SYPJCC-GF-LVMCB-A25-KVAR3
5000STL152,SYPJCC-GF-LVMCB-A25-KVAR
5000STL153,SYPJCC-GF-LVMCB-A25-KVA1
5000STL154,SYPJCC-GF-LVMCB-A25-KVA2
5000STL155,SYPJCC-GF-LVMCB-A25-KVA3
5000STL156,SYPJCC-GF-LVMCB-A25-KVA
5000STL157,SYPJCC-GF-LVMCB-A25-HZ
5000STL158,SYPJCC-GF-LVMCB-A25-PF
5000STL159,SYPJCC-GF-LVMCB-A25-THDV1
5000STL160,SYPJCC-GF-LVMCB-A25-THDV2
5000STL161,SYPJCC-GF-LVMCB-A25-THDV3
5000STL162,SYPJCC-GF-LVMCB-A25-THDAMP1
5000STL163,SYPJCC-GF-LVMCB-A25-THDAMP2
5000STL164,SYPJCC-GF-LVMCB-A25-THDAMP3
5000STL165,SYPJCC-GF-LVMCB-A25-HHD
5000STL166,SYPJCC-GF-LVMCB-A25-KWH
5000STL167,SYPJCC-GF-LVMCB-A25-HNAMP
5000STL168,SYPJCC-GF-LVMCB-A25-LPF
5000STL169,SYPJCC-GF-LVMCB-A25-MAXCDTH
5000STL170,SYPJCC-GF-LVMCB-A25-MINCDTH
5000STL171,SYPJCC-GF-LVMCB-A26-PAMP1
5000STL172,SYPJCC-GF-LVMCB-A26-PAMP2
5000STL173,SYPJCC-GF-LVMCB-A26-PAMP3
5000STL174,SYPJCC-GF-LVMCB-A26-NAMP
5000STL175,SYPJCC-GF-LVMCB-A26-CU
5000STL176,SYPJCC-GF-LVMCB-A26-TRMS1
5000STL177,SYPJCC-GF-LVMCB-A26-TRMS2
5000STL178,SYPJCC-GF-LVMCB-A26-TRMS3
5000STL179,SYPJCC-GF-LVMCB-A26-KW1
5000STL180,SYPJCC-GF-LVMCB-A26-KW2
5000STL181,SYPJCC-GF-LVMCB-A26-KW3
5000STL182,SYPJCC-GF-LVMCB-A26-KW
5000STL183,SYPJCC-GF-LVMCB-A26-KVAR1
5000STL184,SYPJCC-GF-LVMCB-A26-KVAR2
5000STL185,SYPJCC-GF-LVMCB-A26-KVAR3
5000STL186,SYPJCC-GF-LVMCB-A26-KVAR
5000STL187,SYPJCC-GF-LVMCB-A26-KVA1
5000STL188,SYPJCC-GF-LVMCB-A26-KVA2
5000STL189,SYPJCC-GF-LVMCB-A26-KVA3
5000STL190,SYPJCC-GF-LVMCB-A26-KVA
5000STL191,SYPJCC-GF-LVMCB-A26-HZ
5000STL192,SYPJCC-GF-LVMCB-A26-PF
5000STL193,SYPJCC-GF-LVMCB-A26-THDV1
5000STL194,SYPJCC-GF-LVMCB-A26-THDV2
5000STL195,SYPJCC-GF-LVMCB-A26-THDV3
5000STL196,SYPJCC-GF-LVMCB-A26-THDAMP1
5000STL197,SYPJCC-GF-LVMCB-A26-THDAMP2
5000STL198,SYPJCC-GF-LVMCB-A26-THDAMP3
5000STL199,SYPJCC-GF-LVMCB-A26-HHD
5000STL200,SYPJCC-GF-LVMCB-A26-KWH
5000STL201,SYPJCC-GF-LVMCB-A26-HNAMP
5000STL202,SYPJCC-GF-LVMCB-A26-LPF
5000STL203,SYPJCC-GF-LVMCB-A26-MAXCDTH
5000STL204,SYPJCC-GF-LVMCB-A26-MINCDTH
5000STL205,SYPJCC-GF-LVMCB-A27-PAMP1
5000STL206,SYPJCC-GF-LVMCB-A27-PAMP2
5000STL207,SYPJCC-GF-LVMCB-A27-PAMP3
5000STL208,SYPJCC-GF-LVMCB-A27-NAMP
5000STL209,SYPJCC-GF-LVMCB-A27-CU
5000STL210,SYPJCC-GF-LVMCB-A27-TRMS1
5000STL211,SYPJCC-GF-LVMCB-A27-TRMS2
5000STL212,SYPJCC-GF-LVMCB-A27-TRMS3
5000STL213,SYPJCC-GF-LVMCB-A27-KW1
5000STL214,SYPJCC-GF-LVMCB-A27-KW2
5000STL215,SYPJCC-GF-LVMCB-A27-KW3
5000STL216,SYPJCC-GF-LVMCB-A27-KW
5000STL217,SYPJCC-GF-LVMCB-A27-KVAR1
5000STL218,SYPJCC-GF-LVMCB-A27-KVAR2
5000STL219,SYPJCC-GF-LVMCB-A27-KVAR3
5000STL220,SYPJCC-GF-LVMCB-A27-KVAR
5000STL221,SYPJCC-GF-LVMCB-A27-KVA1
5000STL222,SYPJCC-GF-LVMCB-A27-KVA2
5000STL223,SYPJCC-GF-LVMCB-A27-KVA3
5000STL224,SYPJCC-GF-LVMCB-A27-KVA
5000STL225,SYPJCC-GF-LVMCB-A27-HZ
5000STL226,SYPJCC-GF-LVMCB-A27-PF
5000STL227,SYPJCC-GF-LVMCB-A27-THDV1
5000STL228,SYPJCC-GF-LVMCB-A27-THDV2
5000STL229,SYPJCC-GF-LVMCB-A27-THDV3
5000STL230,SYPJCC-GF-LVMCB-A27-THDAMP1
5000STL231,SYPJCC-GF-LVMCB-A27-THDAMP2
5000STL232,SYPJCC-GF-LVMCB-A27-THDAMP3
5000STL233,SYPJCC-GF-LVMCB-A27-HHD
5000STL234,SYPJCC-GF-LVMCB-A27-KWH
5000STL235,SYPJCC-GF-LVMCB-A27-HNAMP
5000STL236,SYPJCC-GF-LVMCB-A27-LPF
5000STL237,SYPJCC-GF-LVMCB-A27-MAXCDTH
5000STL238,SYPJCC-GF-LVMCB-A27-MINCDTH
5000STL239,SYPJCC-GF-LVMCB-A28-PAMP1
5000STL240,SYPJCC-GF-LVMCB-A28-PAMP2
5000STL241,SYPJCC-GF-LVMCB-A28-PAMP3
5000STL242,SYPJCC-GF-LVMCB-A28-NAMP
5000STL243,SYPJCC-GF-LVMCB-A28-CU
5000STL244,SYPJCC-GF-LVMCB-A28-TRMS1
5000STL245,SYPJCC-GF-LVMCB-A28-TRMS2
5000STL246,SYPJCC-GF-LVMCB-A28-TRMS3
5000STL247,SYPJCC-GF-LVMCB-A28-KW1
5000STL248,SYPJCC-GF-LVMCB-A28-KW2
5000STL249,SYPJCC-GF-LVMCB-A28-KW3
5000STL250,SYPJCC-GF-LVMCB-A28-KW
5000STL251,SYPJCC-GF-LVMCB-A28-KVAR1
5000STL252,SYPJCC-GF-LVMCB-A28-KVAR2
5000STL253,SYPJCC-GF-LVMCB-A28-KVAR3
5000STL254,SYPJCC-GF-LVMCB-A28-KVAR
5000STL255,SYPJCC-GF-LVMCB-A28-KVA1
5000STL256,SYPJCC-GF-LVMCB-A28-KVA2
5000STL257,SYPJCC-GF-LVMCB-A28-KVA3
5000STL258,SYPJCC-GF-LVMCB-A28-KVA
5000STL259,SYPJCC-GF-LVMCB-A28-HZ
5000STL260,SYPJCC-GF-LVMCB-A28-PF
5000STL261,SYPJCC-GF-LVMCB-A28-THDV1
5000STL262,SYPJCC-GF-LVMCB-A28-THDV2
5000STL263,SYPJCC-GF-LVMCB-A28-THDV3
5000STL264,SYPJCC-GF-LVMCB-A28-THDAMP1
5000STL265,SYPJCC-GF-LVMCB-A28-THDAMP2
5000STL266,SYPJCC-GF-LVMCB-A28-THDAMP3
5000STL267,SYPJCC-GF-LVMCB-A28-HHD
5000STL268,SYPJCC-GF-LVMCB-A28-KWH
5000STL269,SYPJCC-GF-LVMCB-A28-HNAMP
5000STL270,SYPJCC-GF-LVMCB-A28-LPF
5000STL271,SYPJCC-GF-LVMCB-A28-MAXCDTH
5000STL272,SYPJCC-GF-LVMCB-A28-MINCDTH
5000STL273,SYPJCC-GF-FAS-S
5000STL274,SYPJCC-GF-FAS-FSALM
5000STL275,SYPJCC-RF-FHP-01-S
5000STL276,SYPJCC-RF-FHP-01-NFS
5000STL277,SYPJCC-RF-FHP-02-S
5000STL278,SYPJCC-RF-FHP-02-NFS
5000STL279,SYPJCC-RF-FHJP-01-S
5000STL280,SYPJCC-RF-FHJP-01-NFS
5000STL281,SYPJCC-RF-SPKJP-01-S
5000STL282,SYPJCC-RF-SPKJP-01-NFS
5000STL283,SYPJCC-RF-SPKP-01-S
5000STL284,SYPJCC-RF-SPKP-01-NFS
5000STL285,SYPJCC-RF-SPKP-02-S
5000STL286,SYPJCC-RF-SPKP-02-NFS
5000STL287,SYPJCC-GF-AFA-FSALM
5000STL288,SYPJCC-GF-MFA-FSALM
5000STL289,SYPJCC-GF-SPKS-FSALM
5000STL290,SYPJCC-GF-LVACB-1600A-ACBS
5000STL291,SYPJCC-GF-LVACB-1600A-TFALM
5000STL292,SYPJCC-GF-LVACB-400A7F-ACBS
5000STL293,SYPJCC-GF-LVACB-400A7F-TFALM
5000STL294,SYPJCC-GF-LVACB-400A6F-ACBS
5000STL295,SYPJCC-GF-LVACB-400A6F-TFALM
6000STL1,SYPJCC-8F-VRV-W01-PAMP1
6000STL2,SYPJCC-8F-VRV-W01-PAMP2
6000STL3,SYPJCC-8F-VRV-W01-PAMP3
6000STL4,SYPJCC-8F-VRV-W01-TRMS1
6000STL5,SYPJCC-8F-VRV-W01-TRMS2
6000STL6,SYPJCC-8F-VRV-W01-TRMS3
6000STL7,SYPJCC-8F-VRV-W01-RUNHR
6000STL8,SYPJCC-8F-VRV-W02-PAMP1
6000STL9,SYPJCC-8F-VRV-W02-PAMP2
6000STL10,SYPJCC-8F-VRV-W02-PAMP3
6000STL11,SYPJCC-8F-VRV-W02-TRMS1
6000STL12,SYPJCC-8F-VRV-W02-TRMS2
6000STL13,SYPJCC-8F-VRV-W02-TRMS3
6000STL14,SYPJCC-8F-VRV-W02-RUNHR
6000STL15,SYPJCC-8F-VRV-W03-PAMP1
6000STL16,SYPJCC-8F-VRV-W03-PAMP2
6000STL17,SYPJCC-8F-VRV-W03-PAMP3
6000STL18,SYPJCC-8F-VRV-W03-TRMS1
6000STL19,SYPJCC-8F-VRV-W03-TRMS2
6000STL20,SYPJCC-8F-VRV-W03-TRMS3
6000STL21,SYPJCC-8F-VRV-W03-RUNHR
6000STL22,SYPJCC-8F-VRV-W04-PAMP1
6000STL23,SYPJCC-8F-VRV-W04-PAMP2
6000STL24,SYPJCC-8F-VRV-W04-PAMP3
6000STL25,SYPJCC-8F-VRV-W04-TRMS1
6000STL26,SYPJCC-8F-VRV-W04-TRMS2
6000STL27,SYPJCC-8F-VRV-W04-TRMS3
6000STL28,SYPJCC-8F-VRV-W04-RUNHR
6000STL29,SYPJCC-6F-VRV-W03-PAMP1
6000STL30,SYPJCC-6F-VRV-W03-PAMP2
6000STL31,SYPJCC-6F-VRV-W03-PAMP3
6000STL32,SYPJCC-6F-VRV-W03-TRMS1
6000STL33,SYPJCC-6F-VRV-W03-TRMS2
6000STL34,SYPJCC-6F-VRV-W03-TRMS3
6000STL35,SYPJCC-6F-VRV-W03-RUNHR
6000STL36,SYPJCC-5F-VRV-E09-PAMP1
6000STL37,SYPJCC-5F-VRV-E09-PAMP2
6000STL38,SYPJCC-5F-VRV-E09-PAMP3
6000STL39,SYPJCC-5F-VRV-E09-TRMS1
6000STL40,SYPJCC-5F-VRV-E09-TRMS2
6000STL41,SYPJCC-5F-VRV-E09-TRMS3
6000STL42,SYPJCC-5F-VRV-E09-RUNHR
6000STL43,SYPJCC-5F-VRV-W01-PAMP1
6000STL44,SYPJCC-5F-VRV-W01-PAMP2
6000STL45,SYPJCC-5F-VRV-W01-PAMP3
6000STL46,SYPJCC-5F-VRV-W01-TRMS1
6000STL47,SYPJCC-5F-VRV-W01-TRMS2
6000STL48,SYPJCC-5F-VRV-W01-TRMS3
6000STL49,SYPJCC-5F-VRV-W01-RUNHR
6000STL50,SYPJCC-5F-VRV-W02-PAMP1
6000STL51,SYPJCC-5F-VRV-W02-PAMP2
6000STL52,SYPJCC-5F-VRV-W02-PAMP3
6000STL53,SYPJCC-5F-VRV-W02-TRMS1
6000STL54,SYPJCC-5F-VRV-W02-TRMS2
6000STL55,SYPJCC-5F-VRV-W02-TRMS3
6000STL56,SYPJCC-5F-VRV-W02-RUNHR
6000STL57,SYPJCC-4F-VRV-W01-PAMP1
6000STL58,SYPJCC-4F-VRV-W01-PAMP2
6000STL59,SYPJCC-4F-VRV-W01-PAMP3
6000STL60,SYPJCC-4F-VRV-W01-TRMS1
6000STL61,SYPJCC-4F-VRV-W01-TRMS2
6000STL62,SYPJCC-4F-VRV-W01-TRMS3
6000STL63,SYPJCC-4F-VRV-W01-RUNHR
6000STL64,SYPJCC-8F-VRV-E12-PAMP1
6000STL65,SYPJCC-8F-VRV-E12-PAMP2
6000STL66,SYPJCC-8F-VRV-E12-PAMP3
6000STL67,SYPJCC-8F-VRV-E12-TRMS1
6000STL68,SYPJCC-8F-VRV-E12-TRMS2
6000STL69,SYPJCC-8F-VRV-E12-TRMS3
6000STL70,SYPJCC-8F-VRV-E12-RUNHR
6000STL71,SYPJCC-8F-VRV-E14-PAMP1
6000STL72,SYPJCC-8F-VRV-E14-PAMP2
6000STL73,SYPJCC-8F-VRV-E14-PAMP3
6000STL74,SYPJCC-8F-VRV-E14-TRMS1
6000STL75,SYPJCC-8F-VRV-E14-TRMS2
6000STL76,SYPJCC-8F-VRV-E14-TRMS3
6000STL77,SYPJCC-8F-VRV-E14-RUNHR
6000STL78,SYPJCC-8F-VRV-E13-PAMP1
6000STL79,SYPJCC-8F-VRV-E13-PAMP2
6000STL80,SYPJCC-8F-VRV-E13-PAMP3
6000STL81,SYPJCC-8F-VRV-E13-TRMS1
6000STL82,SYPJCC-8F-VRV-E13-TRMS2
6000STL83,SYPJCC-8F-VRV-E13-TRMS3
6000STL84,SYPJCC-8F-VRV-E13-RUNHR
6000STL85,SYPJCC-8F-VRV-E15-PAMP1
6000STL86,SYPJCC-8F-VRV-E15-PAMP2
6000STL87,SYPJCC-8F-VRV-E15-PAMP3
6000STL88,SYPJCC-8F-VRV-E15-TRMS1
6000STL89,SYPJCC-8F-VRV-E15-TRMS2
6000STL90,SYPJCC-8F-VRV-E15-TRMS3
6000STL91,SYPJCC-8F-VRV-E15-RUNHR
6000STL92,SYPJCC-7F-VRV-E04-PAMP1
6000STL93,SYPJCC-7F-VRV-E04-PAMP2
6000STL94,SYPJCC-7F-VRV-E04-PAMP3
6000STL95,SYPJCC-7F-VRV-E04-TRMS1
6000STL96,SYPJCC-7F-VRV-E04-TRMS2
6000STL97,SYPJCC-7F-VRV-E04-TRMS3
6000STL98,SYPJCC-7F-VRV-E04-RUNHR
6000STL99,SYPJCC-7F-VRV-E05-PAMP1
6000STL100,SYPJCC-7F-VRV-E05-PAMP2
6000STL101,SYPJCC-7F-VRV-E05-PAMP3
6000STL102,SYPJCC-7F-VRV-E05-TRMS1
6000STL103,SYPJCC-7F-VRV-E05-TRMS2
6000STL104,SYPJCC-7F-VRV-E05-TRMS3
6000STL105,SYPJCC-7F-VRV-E05-RUNHR
6000STL106,SYPJCC-7F-VRV-E09-PAMP1
6000STL107,SYPJCC-7F-VRV-E09-PAMP2
6000STL108,SYPJCC-7F-VRV-E09-PAMP3
6000STL109,SYPJCC-7F-VRV-E09-TRMS1
6000STL110,SYPJCC-7F-VRV-E09-TRMS2
6000STL111,SYPJCC-7F-VRV-E09-TRMS3
6000STL112,SYPJCC-7F-VRV-E09-RUNHR
6000STL113,SYPJCC-7F-VRV-E11-PAMP1
6000STL114,SYPJCC-7F-VRV-E11-PAMP2
6000STL115,SYPJCC-7F-VRV-E11-PAMP3
6000STL116,SYPJCC-7F-VRV-E11-TRMS1
6000STL117,SYPJCC-7F-VRV-E11-TRMS2
6000STL118,SYPJCC-7F-VRV-E11-TRMS3
6000STL119,SYPJCC-7F-VRV-E11-RUNHR
6000STL120,SYPJCC-6F-VRV-E01-PAMP1
6000STL121,SYPJCC-6F-VRV-E01-PAMP2
6000STL122,SYPJCC-6F-VRV-E01-PAMP3
6000STL123,SYPJCC-6F-VRV-E01-TRMS1
6000STL124,SYPJCC-6F-VRV-E01-TRMS2
6000STL125,SYPJCC-6F-VRV-E01-TRMS3
6000STL126,SYPJCC-6F-VRV-E01-RUNHR
6000STL127,SYPJCC-6F-VRV-E02-PAMP1
6000STL128,SYPJCC-6F-VRV-E02-PAMP2
6000STL129,SYPJCC-6F-VRV-E02-PAMP3
6000STL130,SYPJCC-6F-VRV-E02-TRMS1
6000STL131,SYPJCC-6F-VRV-E02-TRMS2
6000STL132,SYPJCC-6F-VRV-E02-TRMS3
6000STL133,SYPJCC-6F-VRV-E02-RUNHR
6000STL134,SYPJCC-4F-VRV-E01-PAMP1
6000STL135,SYPJCC-4F-VRV-E01-PAMP2
6000STL136,SYPJCC-4F-VRV-E01-PAMP3
6000STL137,SYPJCC-4F-VRV-E01-TRMS1
6000STL138,SYPJCC-4F-VRV-E01-TRMS2
6000STL139,SYPJCC-4F-VRV-E01-TRMS3
6000STL140,SYPJCC-4F-VRV-E01-RUNHR
6000STL141,SYPJCC-1F-VRV-E03-PAMP1
6000STL142,SYPJCC-1F-VRV-E03-PAMP2
6000STL143,SYPJCC-1F-VRV-E03-PAMP3
6000STL144,SYPJCC-1F-VRV-E03-TRMS1
6000STL145,SYPJCC-1F-VRV-E03-TRMS2
6000STL146,SYPJCC-1F-VRV-E03-TRMS3
6000STL147,SYPJCC-1F-VRV-E03-RUNHR
6000STL148,SYPJCC-1F-VRV-E04-PAMP1
6000STL149,SYPJCC-1F-VRV-E04-PAMP2
6000STL150,SYPJCC-1F-VRV-E04-PAMP3
6000STL151,SYPJCC-1F-VRV-E04-TRMS1
6000STL152,SYPJCC-1F-VRV-E04-TRMS2
6000STL153,SYPJCC-1F-VRV-E04-TRMS3
6000STL154,SYPJCC-1F-VRV-E04-RUNHR
6000STL155,SYPJCC-1F-VRV-E05-PAMP1
6000STL156,SYPJCC-1F-VRV-E05-PAMP2
6000STL157,SYPJCC-1F-VRV-E05-PAMP3
6000STL158,SYPJCC-1F-VRV-E05-TRMS1
6000STL159,SYPJCC-1F-VRV-E05-TRMS2
6000STL160,SYPJCC-1F-VRV-E05-TRMS3
6000STL161,SYPJCC-1F-VRV-E05-RUNHR
6000STL162,SYPJCC-8F-PAU-01-PAMP1
6000STL163,SYPJCC-8F-PAU-01-PAMP2
6000STL164,SYPJCC-8F-PAU-01-PAMP3
6000STL165,SYPJCC-8F-PAU-01-TRMS1
6000STL166,SYPJCC-8F-PAU-01-TRMS2
6000STL167,SYPJCC-8F-PAU-01-TRMS3
6000STL168,SYPJCC-8F-PAU-01-S
6000STL169,SYPJCC-8F-PAU-01-TFALM
6000STL170,SYPJCC-8F-PAU-01-RUNHR
6000STL171,SYPJCC-8F-PAU-01-OUEN
6000STL172,SYPJCC-8F-PAU-01-OUT
6000STL173,SYPJCC-8F-PAU-01-FAIT
6000STL174,SYPJCC-8F-PAU-01-SAT
6000STL175,SYPJCC-8F-PAU-01-MTVLVS
6000STL176,SYPJCC-8F-PAU-01-CHWIT
6000STL177,SYPJCC-8F-PAU-01-CHWOT
6000STL178,SYPJCC-8F-PAU-01-CHWFWR
6000STL179,SYPJCC-8F-PAU-01-PREFCALM
6000STL180,SYPJCC-8F-PAU-01-FFCALM
6000STL181,SYPJCC-3F-PAU-01-PAMP1
6000STL182,SYPJCC-3F-PAU-01-PAMP2
6000STL183,SYPJCC-3F-PAU-01-PAMP3
6000STL184,SYPJCC-3F-PAU-01-TRMS1
6000STL185,SYPJCC-3F-PAU-01-TRMS2
6000STL186,SYPJCC-3F-PAU-01-TRMS3
6000STL187,SYPJCC-3F-PAU-01-S
6000STL188,SYPJCC-3F-PAU-01-TFALM
6000STL189,SYPJCC-3F-PAU-01-RUNHR
6000STL190,SYPJCC-3F-PAU-01-OUEN
6000STL191,SYPJCC-3F-PAU-01-OUT
6000STL192,SYPJCC-3F-PAU-01-FAIT
6000STL193,SYPJCC-3F-PAU-01-SAT
6000STL194,SYPJCC-3F-PAU-01-MTVLVS
6000STL195,SYPJCC-3F-PAU-01-CHWIT
6000STL196,SYPJCC-3F-PAU-01-CHWOT
6000STL197,SYPJCC-3F-PAU-01-CHWFWR
6000STL198,SYPJCC-3F-PAU-01-PREFCALM
6000STL199,SYPJCC-3F-PAU-01-FFCALM
6000STL200,SYPJCC-GF-EAF-01-S-01
6000STL201,SYPJCC-GF-EAF-01-FALM-01
6000STL202,SYPJCC-GF-EAF-01-S-02
6000STL203,SYPJCC-GF-EAF-01-FALM-02
6000STL204,SYPJCC-GF-EAF-01-VSDF
6000STL205,SYPJCC-RF-CHWP-01-WDPRE
6000STL206,SYPJCC-RF-CHWP-01-WSUPRE
6000STL207,SYPJCC-RF-CHWP-02-WDPRE
6000STL208,SYPJCC-RF-CHWP-02-WSUPRE
6000STL209,SYPJCC-RF-CHWP-03-WDPRE
6000STL210,SYPJCC-RF-CHWP-03-WSUPRE
6000STL211,SYPJCC-RF-CHWP-04-WDPRE
6000STL212,SYPJCC-RF-CHWP-04-WSUPRE
6000STL213,SYPJCC-RF-CHWP-05-WDPRE
6000STL214,SYPJCC-RF-CHWP-05-WSUPRE
6000STL215,SYPJCC-GF-LVMCCB-E1-PAMP1
6000STL216,SYPJCC-GF-LVMCCB-E1-PAMP2
6000STL217,SYPJCC-GF-LVMCCB-E1-PAMP3
6000STL218,SYPJCC-GF-LVMCCB-E1-NAMP
6000STL219,SYPJCC-GF-LVMCCB-E1-CU
6000STL220,SYPJCC-GF-LVMCCB-E1-TRMS1
6000STL221,SYPJCC-GF-LVMCCB-E1-TRMS2
6000STL222,SYPJCC-GF-LVMCCB-E1-TRMS3
6000STL223,SYPJCC-GF-LVMCCB-E1-KW1
6000STL224,SYPJCC-GF-LVMCCB-E1-KW2
6000STL225,SYPJCC-GF-LVMCCB-E1-KW3
6000STL226,SYPJCC-GF-LVMCCB-E1-KW
6000STL227,SYPJCC-GF-LVMCCB-E1-KVAR1
6000STL228,SYPJCC-GF-LVMCCB-E1-KVAR2
6000STL229,SYPJCC-GF-LVMCCB-E1-KVAR3
6000STL230,SYPJCC-GF-LVMCCB-E1-KVAR
6000STL231,SYPJCC-GF-LVMCCB-E1-KVA1
6000STL232,SYPJCC-GF-LVMCCB-E1-KVA2
6000STL233,SYPJCC-GF-LVMCCB-E1-KVA3
6000STL234,SYPJCC-GF-LVMCCB-E1-KVA
6000STL235,SYPJCC-GF-LVMCCB-E1-HZ
6000STL236,SYPJCC-GF-LVMCCB-E1-PF
6000STL237,SYPJCC-GF-LVMCCB-E1-THDV1
6000STL238,SYPJCC-GF-LVMCCB-E1-THDV2
6000STL239,SYPJCC-GF-LVMCCB-E1-THDV3
6000STL240,SYPJCC-GF-LVMCCB-E1-THDAMP1
6000STL241,SYPJCC-GF-LVMCCB-E1-THDAMP2
6000STL242,SYPJCC-GF-LVMCCB-E1-THDAMP3
6000STL243,SYPJCC-GF-LVMCCB-E1-HHD
6000STL244,SYPJCC-GF-LVMCCB-E1-KWH
6000STL245,SYPJCC-GF-LVMCCB-E1-HNAMP
6000STL246,SYPJCC-GF-LVMCCB-E1-LPF
6000STL247,SYPJCC-GF-LVMCCB-E1-MAXCDTH
6000STL248,SYPJCC-GF-LVMCCB-E1-MINCDTH
6000STL249,SYPJCC-GF-LVMCCB-E2-PAMP1
6000STL250,SYPJCC-GF-LVMCCB-E2-PAMP2
6000STL251,SYPJCC-GF-LVMCCB-E2-PAMP3
6000STL252,SYPJCC-GF-LVMCCB-E2-NAMP
6000STL253,SYPJCC-GF-LVMCCB-E2-CU
6000STL254,SYPJCC-GF-LVMCCB-E2-TRMS1
6000STL255,SYPJCC-GF-LVMCCB-E2-TRMS2
6000STL256,SYPJCC-GF-LVMCCB-E2-TRMS3
6000STL257,SYPJCC-GF-LVMCCB-E2-KW1
6000STL258,SYPJCC-GF-LVMCCB-E2-KW2
6000STL259,SYPJCC-GF-LVMCCB-E2-KW3
6000STL260,SYPJCC-GF-LVMCCB-E2-KW
6000STL261,SYPJCC-GF-LVMCCB-E2-KVAR1
6000STL262,SYPJCC-GF-LVMCCB-E2-KVAR2
6000STL263,SYPJCC-GF-LVMCCB-E2-KVAR3
6000STL264,SYPJCC-GF-LVMCCB-E2-KVAR
6000STL265,SYPJCC-GF-LVMCCB-E2-KVA1
6000STL266,SYPJCC-GF-LVMCCB-E2-KVA2
6000STL267,SYPJCC-GF-LVMCCB-E2-KVA3
6000STL268,SYPJCC-GF-LVMCCB-E2-KVA
6000STL269,SYPJCC-GF-LVMCCB-E2-HZ
6000STL270,SYPJCC-GF-LVMCCB-E2-PF
6000STL271,SYPJCC-GF-LVMCCB-E2-THDV1
6000STL272,SYPJCC-GF-LVMCCB-E2-THDV2
6000STL273,SYPJCC-GF-LVMCCB-E2-THDV3
6000STL274,SYPJCC-GF-LVMCCB-E2-THDAMP1
6000STL275,SYPJCC-GF-LVMCCB-E2-THDAMP2
6000STL276,SYPJCC-GF-LVMCCB-E2-THDAMP3
6000STL277,SYPJCC-GF-LVMCCB-E2-HHD
6000STL278,SYPJCC-GF-LVMCCB-E2-KWH
6000STL279,SYPJCC-GF-LVMCCB-E2-HNAMP
6000STL280,SYPJCC-GF-LVMCCB-E2-LPF
6000STL281,SYPJCC-GF-LVMCCB-E2-MAXCDTH
6000STL282,SYPJCC-GF-LVMCCB-E2-MINCDTH
7000STL1,SYPJCC-GF-LVMCCB-E3-PAMP1
7000STL2,SYPJCC-GF-LVMCCB-E3-PAMP2
7000STL3,SYPJCC-GF-LVMCCB-E3-PAMP3
7000STL4,SYPJCC-GF-LVMCCB-E3-NAMP
7000STL5,SYPJCC-GF-LVMCCB-E3-CU
7000STL6,SYPJCC-GF-LVMCCB-E3-TRMS1
7000STL7,SYPJCC-GF-LVMCCB-E3-TRMS2
7000STL8,SYPJCC-GF-LVMCCB-E3-TRMS3
7000STL9,SYPJCC-GF-LVMCCB-E3-KW1
7000STL10,SYPJCC-GF-LVMCCB-E3-KW2
7000STL11,SYPJCC-GF-LVMCCB-E3-KW3
7000STL12,SYPJCC-GF-LVMCCB-E3-KW
7000STL13,SYPJCC-GF-LVMCCB-E3-KVAR1
7000STL14,SYPJCC-GF-LVMCCB-E3-KVAR2
7000STL15,SYPJCC-GF-LVMCCB-E3-KVAR3
7000STL16,SYPJCC-GF-LVMCCB-E3-KVAR
7000STL17,SYPJCC-GF-LVMCCB-E3-KVA1
7000STL18,SYPJCC-GF-LVMCCB-E3-KVA2
7000STL19,SYPJCC-GF-LVMCCB-E3-KVA3
7000STL20,SYPJCC-GF-LVMCCB-E3-KVA
7000STL21,SYPJCC-GF-LVMCCB-E3-HZ
7000STL22,SYPJCC-GF-LVMCCB-E3-PF
7000STL23,SYPJCC-GF-LVMCCB-E3-THDV1
7000STL24,SYPJCC-GF-LVMCCB-E3-THDV2
7000STL25,SYPJCC-GF-LVMCCB-E3-THDV3
7000STL26,SYPJCC-GF-LVMCCB-E3-THDAMP1
7000STL27,SYPJCC-GF-LVMCCB-E3-THDAMP2
7000STL28,SYPJCC-GF-LVMCCB-E3-THDAMP3
7000STL29,SYPJCC-GF-LVMCCB-E3-HHD
7000STL30,SYPJCC-GF-LVMCCB-E3-KWH
7000STL31,SYPJCC-GF-LVMCCB-E3-HNAMP
7000STL32,SYPJCC-GF-LVMCCB-E3-LPF
7000STL33,SYPJCC-GF-LVMCCB-E3-MAXCDTH
7000STL34,SYPJCC-GF-LVMCCB-E3-MINCDTH
7000STL35,SYPJCC-GF-LVMCCB-E4-PAMP1
7000STL36,SYPJCC-GF-LVMCCB-E4-PAMP2
7000STL37,SYPJCC-GF-LVMCCB-E4-PAMP3
7000STL38,SYPJCC-GF-LVMCCB-E4-NAMP
7000STL39,SYPJCC-GF-LVMCCB-E4-CU
7000STL40,SYPJCC-GF-LVMCCB-E4-TRMS1
7000STL41,SYPJCC-GF-LVMCCB-E4-TRMS2
7000STL42,SYPJCC-GF-LVMCCB-E4-TRMS3
7000STL43,SYPJCC-GF-LVMCCB-E4-KW1
7000STL44,SYPJCC-GF-LVMCCB-E4-KW2
7000STL45,SYPJCC-GF-LVMCCB-E4-KW3
7000STL46,SYPJCC-GF-LVMCCB-E4-KW
7000STL47,SYPJCC-GF-LVMCCB-E4-KVAR1
7000STL48,SYPJCC-GF-LVMCCB-E4-KVAR2
7000STL49,SYPJCC-GF-LVMCCB-E4-KVAR3
7000STL50,SYPJCC-GF-LVMCCB-E4-KVAR
7000STL51,SYPJCC-GF-LVMCCB-E4-KVA1
7000STL52,SYPJCC-GF-LVMCCB-E4-KVA2
7000STL53,SYPJCC-GF-LVMCCB-E4-KVA3
7000STL54,SYPJCC-GF-LVMCCB-E4-KVA
7000STL55,SYPJCC-GF-LVMCCB-E4-HZ
7000STL56,SYPJCC-GF-LVMCCB-E4-PF
7000STL57,SYPJCC-GF-LVMCCB-E4-THDV1
7000STL58,SYPJCC-GF-LVMCCB-E4-THDV2
7000STL59,SYPJCC-GF-LVMCCB-E4-THDV3
7000STL60,SYPJCC-GF-LVMCCB-E4-THDAMP1
7000STL61,SYPJCC-GF-LVMCCB-E4-THDAMP2
7000STL62,SYPJCC-GF-LVMCCB-E4-THDAMP3
7000STL63,SYPJCC-GF-LVMCCB-E4-HHD
7000STL64,SYPJCC-GF-LVMCCB-E4-KWH
7000STL65,SYPJCC-GF-LVMCCB-E4-HNAMP
7000STL66,SYPJCC-GF-LVMCCB-E4-LPF
7000STL67,SYPJCC-GF-LVMCCB-E4-MAXCDTH
7000STL68,SYPJCC-GF-LVMCCB-E4-MINCDTH
7000STL69,SYPJCC-GF-LVMCCB-7F-PAMP1
7000STL70,SYPJCC-GF-LVMCCB-7F-PAMP2
7000STL71,SYPJCC-GF-LVMCCB-7F-PAMP3
7000STL72,SYPJCC-GF-LVMCCB-7F-NAMP
7000STL73,SYPJCC-GF-LVMCCB-7F-CU
7000STL74,SYPJCC-GF-LVMCCB-7F-TRMS1
7000STL75,SYPJCC-GF-LVMCCB-7F-TRMS2
7000STL76,SYPJCC-GF-LVMCCB-7F-TRMS3
7000STL77,SYPJCC-GF-LVMCCB-7F-KW1
7000STL78,SYPJCC-GF-LVMCCB-7F-KW2
7000STL79,SYPJCC-GF-LVMCCB-7F-KW3
7000STL80,SYPJCC-GF-LVMCCB-7F-KW
7000STL81,SYPJCC-GF-LVMCCB-7F-KVAR1
7000STL82,SYPJCC-GF-LVMCCB-7F-KVAR2
7000STL83,SYPJCC-GF-LVMCCB-7F-KVAR3
7000STL84,SYPJCC-GF-LVMCCB-7F-KVAR
7000STL85,SYPJCC-GF-LVMCCB-7F-KVA1
7000STL86,SYPJCC-GF-LVMCCB-7F-KVA2
7000STL87,SYPJCC-GF-LVMCCB-7F-KVA3
7000STL88,SYPJCC-GF-LVMCCB-7F-KVA
7000STL89,SYPJCC-GF-LVMCCB-7F-HZ
7000STL90,SYPJCC-GF-LVMCCB-7F-PF
7000STL91,SYPJCC-GF-LVMCCB-7F-THDV1
7000STL92,SYPJCC-GF-LVMCCB-7F-THDV2
7000STL93,SYPJCC-GF-LVMCCB-7F-THDV3
7000STL94,SYPJCC-GF-LVMCCB-7F-THDAMP1
7000STL95,SYPJCC-GF-LVMCCB-7F-THDAMP2
7000STL96,SYPJCC-GF-LVMCCB-7F-THDAMP3
7000STL97,SYPJCC-GF-LVMCCB-7F-HHD
7000STL98,SYPJCC-GF-LVMCCB-7F-KWH
7000STL99,SYPJCC-GF-LVMCCB-7F-HNAMP
7000STL100,SYPJCC-GF-LVMCCB-7F-LPF
7000STL101,SYPJCC-GF-LVMCCB-7F-MAXCDTH
7000STL102,SYPJCC-GF-LVMCCB-7F-MINCDTH
7000STL103,SYPJCC-GF-LVMCCB-6F-PAMP1
7000STL104,SYPJCC-GF-LVMCCB-6F-PAMP2
7000STL105,SYPJCC-GF-LVMCCB-6F-PAMP3
7000STL106,SYPJCC-GF-LVMCCB-6F-NAMP
7000STL107,SYPJCC-GF-LVMCCB-6F-CU
7000STL108,SYPJCC-GF-LVMCCB-6F-TRMS1
7000STL109,SYPJCC-GF-LVMCCB-6F-TRMS2
7000STL110,SYPJCC-GF-LVMCCB-6F-TRMS3
7000STL111,SYPJCC-GF-LVMCCB-6F-KW1
7000STL112,SYPJCC-GF-LVMCCB-6F-KW2
7000STL113,SYPJCC-GF-LVMCCB-6F-KW3
7000STL114,SYPJCC-GF-LVMCCB-6F-KW
7000STL115,SYPJCC-GF-LVMCCB-6F-KVAR1
7000STL116,SYPJCC-GF-LVMCCB-6F-KVAR2
7000STL117,SYPJCC-GF-LVMCCB-6F-KVAR3
7000STL118,SYPJCC-GF-LVMCCB-6F-KVAR
7000STL119,SYPJCC-GF-LVMCCB-6F-KVA1
7000STL120,SYPJCC-GF-LVMCCB-6F-KVA2
7000STL121,SYPJCC-GF-LVMCCB-6F-KVA3
7000STL122,SYPJCC-GF-LVMCCB-6F-KVA
7000STL123,SYPJCC-GF-LVMCCB-6F-HZ
7000STL124,SYPJCC-GF-LVMCCB-6F-PF
7000STL125,SYPJCC-GF-LVMCCB-6F-THDV1
7000STL126,SYPJCC-GF-LVMCCB-6F-THDV2
7000STL127,SYPJCC-GF-LVMCCB-6F-THDV3
7000STL128,SYPJCC-GF-LVMCCB-6F-THDAMP1
7000STL129,SYPJCC-GF-LVMCCB-6F-THDAMP2
7000STL130,SYPJCC-GF-LVMCCB-6F-THDAMP3
7000STL131,SYPJCC-GF-LVMCCB-6F-HHD
7000STL132,SYPJCC-GF-LVMCCB-6F-KWH
7000STL133,SYPJCC-GF-LVMCCB-6F-HNAMP
7000STL134,SYPJCC-GF-LVMCCB-6F-LPF
7000STL135,SYPJCC-GF-LVMCCB-6F-MAXCDTH
7000STL136,SYPJCC-GF-LVMCCB-6F-MINCDTH
7000STL137,SYPJCC-GF-LVMCB-A1-PAMP1
7000STL138,SYPJCC-GF-LVMCB-A1-PAMP2
7000STL139,SYPJCC-GF-LVMCB-A1-PAMP3
7000STL140,SYPJCC-GF-LVMCB-A1-NAMP
7000STL141,SYPJCC-GF-LVMCB-A1-CU
7000STL142,SYPJCC-GF-LVMCB-A1-TRMS1
7000STL143,SYPJCC-GF-LVMCB-A1-TRMS2
7000STL144,SYPJCC-GF-LVMCB-A1-TRMS3
7000STL145,SYPJCC-GF-LVMCB-A1-KW1
7000STL146,SYPJCC-GF-LVMCB-A1-KW2
7000STL147,SYPJCC-GF-LVMCB-A1-KW3
7000STL148,SYPJCC-GF-LVMCB-A1-KW
7000STL149,SYPJCC-GF-LVMCB-A1-KVAR1
7000STL150,SYPJCC-GF-LVMCB-A1-KVAR2
7000STL151,SYPJCC-GF-LVMCB-A1-KVAR3
7000STL152,SYPJCC-GF-LVMCB-A1-KVAR
7000STL153,SYPJCC-GF-LVMCB-A1-KVA1
7000STL154,SYPJCC-GF-LVMCB-A1-KVA2
7000STL155,SYPJCC-GF-LVMCB-A1-KVA3
7000STL156,SYPJCC-GF-LVMCB-A1-KVA
7000STL157,SYPJCC-GF-LVMCB-A1-HZ
7000STL158,SYPJCC-GF-LVMCB-A1-PF
7000STL159,SYPJCC-GF-LVMCB-A1-THDV1
7000STL160,SYPJCC-GF-LVMCB-A1-THDV2
7000STL161,SYPJCC-GF-LVMCB-A1-THDV3
7000STL162,SYPJCC-GF-LVMCB-A1-THDAMP1
7000STL163,SYPJCC-GF-LVMCB-A1-THDAMP2
7000STL164,SYPJCC-GF-LVMCB-A1-THDAMP3
7000STL165,SYPJCC-GF-LVMCB-A1-HHD
7000STL166,SYPJCC-GF-LVMCB-A1-KWH
7000STL167,SYPJCC-GF-LVMCB-A1-HNAMP
7000STL168,SYPJCC-GF-LVMCB-A1-LPF
7000STL169,SYPJCC-GF-LVMCB-A1-MAXCDTH
7000STL170,SYPJCC-GF-LVMCB-A1-MINCDTH
7000STL171,SYPJCC-GF-LVMCB-A2-PAMP1
7000STL172,SYPJCC-GF-LVMCB-A2-PAMP2
7000STL173,SYPJCC-GF-LVMCB-A2-PAMP3
7000STL174,SYPJCC-GF-LVMCB-A2-NAMP
7000STL175,SYPJCC-GF-LVMCB-A2-CU
7000STL176,SYPJCC-GF-LVMCB-A2-TRMS1
7000STL177,SYPJCC-GF-LVMCB-A2-TRMS2
7000STL178,SYPJCC-GF-LVMCB-A2-TRMS3
7000STL179,SYPJCC-GF-LVMCB-A2-KW1
7000STL180,SYPJCC-GF-LVMCB-A2-KW2
7000STL181,SYPJCC-GF-LVMCB-A2-KW3
7000STL182,SYPJCC-GF-LVMCB-A2-KW
7000STL183,SYPJCC-GF-LVMCB-A2-KVAR1
7000STL184,SYPJCC-GF-LVMCB-A2-KVAR2
7000STL185,SYPJCC-GF-LVMCB-A2-KVAR3
7000STL186,SYPJCC-GF-LVMCB-A2-KVAR
7000STL187,SYPJCC-GF-LVMCB-A2-KVA1
7000STL188,SYPJCC-GF-LVMCB-A2-KVA2
7000STL189,SYPJCC-GF-LVMCB-A2-KVA3
7000STL190,SYPJCC-GF-LVMCB-A2-KVA
7000STL191,SYPJCC-GF-LVMCB-A2-HZ
7000STL192,SYPJCC-GF-LVMCB-A2-PF
7000STL193,SYPJCC-GF-LVMCB-A2-THDV1
7000STL194,SYPJCC-GF-LVMCB-A2-THDV2
7000STL195,SYPJCC-GF-LVMCB-A2-THDV3
7000STL196,SYPJCC-GF-LVMCB-A2-THDAMP1
7000STL197,SYPJCC-GF-LVMCB-A2-THDAMP2
7000STL198,SYPJCC-GF-LVMCB-A2-THDAMP3
7000STL199,SYPJCC-GF-LVMCB-A2-HHD
7000STL200,SYPJCC-GF-LVMCB-A2-KWH
7000STL201,SYPJCC-GF-LVMCB-A2-HNAMP
7000STL202,SYPJCC-GF-LVMCB-A2-LPF
7000STL203,SYPJCC-GF-LVMCB-A2-MAXCDTH
7000STL204,SYPJCC-GF-LVMCB-A2-MINCDTH
7000STL205,SYPJCC-GF-LVMCB-A3-PAMP1
7000STL206,SYPJCC-GF-LVMCB-A3-PAMP2
7000STL207,SYPJCC-GF-LVMCB-A3-PAMP3
7000STL208,SYPJCC-GF-LVMCB-A3-NAMP
7000STL209,SYPJCC-GF-LVMCB-A3-CU
7000STL210,SYPJCC-GF-LVMCB-A3-TRMS1
7000STL211,SYPJCC-GF-LVMCB-A3-TRMS2
7000STL212,SYPJCC-GF-LVMCB-A3-TRMS3
7000STL213,SYPJCC-GF-LVMCB-A3-KW1
7000STL214,SYPJCC-GF-LVMCB-A3-KW2
7000STL215,SYPJCC-GF-LVMCB-A3-KW3
7000STL216,SYPJCC-GF-LVMCB-A3-KW
7000STL217,SYPJCC-GF-LVMCB-A3-KVAR1
7000STL218,SYPJCC-GF-LVMCB-A3-KVAR2
7000STL219,SYPJCC-GF-LVMCB-A3-KVAR3
7000STL220,SYPJCC-GF-LVMCB-A3-KVAR
7000STL221,SYPJCC-GF-LVMCB-A3-KVA1
7000STL222,SYPJCC-GF-LVMCB-A3-KVA2
7000STL223,SYPJCC-GF-LVMCB-A3-KVA3
7000STL224,SYPJCC-GF-LVMCB-A3-KVA
7000STL225,SYPJCC-GF-LVMCB-A3-HZ
7000STL226,SYPJCC-GF-LVMCB-A3-PF
7000STL227,SYPJCC-GF-LVMCB-A3-THDV1
7000STL228,SYPJCC-GF-LVMCB-A3-THDV2
7000STL229,SYPJCC-GF-LVMCB-A3-THDV3
7000STL230,SYPJCC-GF-LVMCB-A3-THDAMP1
7000STL231,SYPJCC-GF-LVMCB-A3-THDAMP2
7000STL232,SYPJCC-GF-LVMCB-A3-THDAMP3
7000STL233,SYPJCC-GF-LVMCB-A3-HHD
7000STL234,SYPJCC-GF-LVMCB-A3-KWH
7000STL235,SYPJCC-GF-LVMCB-A3-HNAMP
7000STL236,SYPJCC-GF-LVMCB-A3-LPF
7000STL237,SYPJCC-GF-LVMCB-A3-MAXCDTH
7000STL238,SYPJCC-GF-LVMCB-A3-MINCDTH
7000STL239,SYPJCC-GF-LVMCB-A4-PAMP1
7000STL240,SYPJCC-GF-LVMCB-A4-PAMP2
7000STL241,SYPJCC-GF-LVMCB-A4-PAMP3
7000STL242,SYPJCC-GF-LVMCB-A4-NAMP
7000STL243,SYPJCC-GF-LVMCB-A4-CU
7000STL244,SYPJCC-GF-LVMCB-A4-TRMS1
7000STL245,SYPJCC-GF-LVMCB-A4-TRMS2
7000STL246,SYPJCC-GF-LVMCB-A4-TRMS3
7000STL247,SYPJCC-GF-LVMCB-A4-KW1
7000STL248,SYPJCC-GF-LVMCB-A4-KW2
7000STL249,SYPJCC-GF-LVMCB-A4-KW3
7000STL250,SYPJCC-GF-LVMCB-A4-KW
7000STL251,SYPJCC-GF-LVMCB-A4-KVAR1
7000STL252,SYPJCC-GF-LVMCB-A4-KVAR2
7000STL253,SYPJCC-GF-LVMCB-A4-KVAR3
7000STL254,SYPJCC-GF-LVMCB-A4-KVAR
7000STL255,SYPJCC-GF-LVMCB-A4-KVA1
7000STL256,SYPJCC-GF-LVMCB-A4-KVA2
7000STL257,SYPJCC-GF-LVMCB-A4-KVA3
7000STL258,SYPJCC-GF-LVMCB-A4-KVA
7000STL259,SYPJCC-GF-LVMCB-A4-HZ
7000STL260,SYPJCC-GF-LVMCB-A4-PF
7000STL261,SYPJCC-GF-LVMCB-A4-THDV1
7000STL262,SYPJCC-GF-LVMCB-A4-THDV2
7000STL263,SYPJCC-GF-LVMCB-A4-THDV3
7000STL264,SYPJCC-GF-LVMCB-A4-THDAMP1
7000STL265,SYPJCC-GF-LVMCB-A4-THDAMP2
7000STL266,SYPJCC-GF-LVMCB-A4-THDAMP3
7000STL267,SYPJCC-GF-LVMCB-A4-HHD
7000STL268,SYPJCC-GF-LVMCB-A4-KWH
7000STL269,SYPJCC-GF-LVMCB-A4-HNAMP
7000STL270,SYPJCC-GF-LVMCB-A4-LPF
7000STL271,SYPJCC-GF-LVMCB-A4-MAXCDTH
7000STL272,SYPJCC-GF-LVMCB-A4-MINCDTH
8000STL1,SYPJCC-GF-LVMCB-A13-PAMP1
8000STL2,SYPJCC-GF-LVMCB-A13-PAMP2
8000STL3,SYPJCC-GF-LVMCB-A13-PAMP3
8000STL4,SYPJCC-GF-LVMCB-A13-NAMP
8000STL5,SYPJCC-GF-LVMCB-A13-CU
8000STL6,SYPJCC-GF-LVMCB-A13-TRMS1
8000STL7,SYPJCC-GF-LVMCB-A13-TRMS2
8000STL8,SYPJCC-GF-LVMCB-A13-TRMS3
8000STL9,SYPJCC-GF-LVMCB-A13-KW1
8000STL10,SYPJCC-GF-LVMCB-A13-KW2
8000STL11,SYPJCC-GF-LVMCB-A13-KW3
8000STL12,SYPJCC-GF-LVMCB-A13-KW
8000STL13,SYPJCC-GF-LVMCB-A13-KVAR1
8000STL14,SYPJCC-GF-LVMCB-A13-KVAR2
8000STL15,SYPJCC-GF-LVMCB-A13-KVAR3
8000STL16,SYPJCC-GF-LVMCB-A13-KVAR
8000STL17,SYPJCC-GF-LVMCB-A13-KVA1
8000STL18,SYPJCC-GF-LVMCB-A13-KVA2
8000STL19,SYPJCC-GF-LVMCB-A13-KVA3
8000STL20,SYPJCC-GF-LVMCB-A13-KVA
8000STL21,SYPJCC-GF-LVMCB-A13-HZ
8000STL22,SYPJCC-GF-LVMCB-A13-PF
8000STL23,SYPJCC-GF-LVMCB-A13-THDV1
8000STL24,SYPJCC-GF-LVMCB-A13-THDV2
8000STL25,SYPJCC-GF-LVMCB-A13-THDV3
8000STL26,SYPJCC-GF-LVMCB-A13-THDAMP1
8000STL27,SYPJCC-GF-LVMCB-A13-THDAMP2
8000STL28,SYPJCC-GF-LVMCB-A13-THDAMP3
8000STL29,SYPJCC-GF-LVMCB-A13-HHD
8000STL30,SYPJCC-GF-LVMCB-A13-KWH
8000STL31,SYPJCC-GF-LVMCB-A13-HNAMP
8000STL32,SYPJCC-GF-LVMCB-A13-LPF
8000STL33,SYPJCC-GF-LVMCB-A13-MAXCDTH
8000STL34,SYPJCC-GF-LVMCB-A13-MINCDTH
8000STL35,SYPJCC-GF-LVMCB-A14-PAMP1
8000STL36,SYPJCC-GF-LVMCB-A14-PAMP2
8000STL37,SYPJCC-GF-LVMCB-A14-PAMP3
8000STL38,SYPJCC-GF-LVMCB-A14-NAMP
8000STL39,SYPJCC-GF-LVMCB-A14-CU
8000STL40,SYPJCC-GF-LVMCB-A14-TRMS1
8000STL41,SYPJCC-GF-LVMCB-A14-TRMS2
8000STL42,SYPJCC-GF-LVMCB-A14-TRMS3
8000STL43,SYPJCC-GF-LVMCB-A14-KW1
8000STL44,SYPJCC-GF-LVMCB-A14-KW2
8000STL45,SYPJCC-GF-LVMCB-A14-KW3
8000STL46,SYPJCC-GF-LVMCB-A14-KW
8000STL47,SYPJCC-GF-LVMCB-A14-KVAR1
8000STL48,SYPJCC-GF-LVMCB-A14-KVAR2
8000STL49,SYPJCC-GF-LVMCB-A14-KVAR3
8000STL50,SYPJCC-GF-LVMCB-A14-KVAR
8000STL51,SYPJCC-GF-LVMCB-A14-KVA1
8000STL52,SYPJCC-GF-LVMCB-A14-KVA2
8000STL53,SYPJCC-GF-LVMCB-A14-KVA3
8000STL54,SYPJCC-GF-LVMCB-A14-KVA
8000STL55,SYPJCC-GF-LVMCB-A14-HZ
8000STL56,SYPJCC-GF-LVMCB-A14-PF
8000STL57,SYPJCC-GF-LVMCB-A14-THDV1
8000STL58,SYPJCC-GF-LVMCB-A14-THDV2
8000STL59,SYPJCC-GF-LVMCB-A14-THDV3
8000STL60,SYPJCC-GF-LVMCB-A14-THDAMP1
8000STL61,SYPJCC-GF-LVMCB-A14-THDAMP2
8000STL62,SYPJCC-GF-LVMCB-A14-THDAMP3
8000STL63,SYPJCC-GF-LVMCB-A14-HHD
8000STL64,SYPJCC-GF-LVMCB-A14-KWH
8000STL65,SYPJCC-GF-LVMCB-A14-HNAMP
8000STL66,SYPJCC-GF-LVMCB-A14-LPF
8000STL67,SYPJCC-GF-LVMCB-A14-MAXCDTH
8000STL68,SYPJCC-GF-LVMCB-A14-MINCDTH
8000STL69,SYPJCC-GF-LVMCB-A15-PAMP1
8000STL70,SYPJCC-GF-LVMCB-A15-PAMP2
8000STL71,SYPJCC-GF-LVMCB-A15-PAMP3
8000STL72,SYPJCC-GF-LVMCB-A15-NAMP
8000STL73,SYPJCC-GF-LVMCB-A15-CU
8000STL74,SYPJCC-GF-LVMCB-A15-TRMS1
8000STL75,SYPJCC-GF-LVMCB-A15-TRMS2
8000STL76,SYPJCC-GF-LVMCB-A15-TRMS3
8000STL77,SYPJCC-GF-LVMCB-A15-KW1
8000STL78,SYPJCC-GF-LVMCB-A15-KW2
8000STL79,SYPJCC-GF-LVMCB-A15-KW3
8000STL80,SYPJCC-GF-LVMCB-A15-KW
8000STL81,SYPJCC-GF-LVMCB-A15-KVAR1
8000STL82,SYPJCC-GF-LVMCB-A15-KVAR2
8000STL83,SYPJCC-GF-LVMCB-A15-KVAR3
8000STL84,SYPJCC-GF-LVMCB-A15-KVAR
8000STL85,SYPJCC-GF-LVMCB-A15-KVA1
8000STL86,SYPJCC-GF-LVMCB-A15-KVA2
8000STL87,SYPJCC-GF-LVMCB-A15-KVA3
8000STL88,SYPJCC-GF-LVMCB-A15-KVA
8000STL89,SYPJCC-GF-LVMCB-A15-HZ
8000STL90,SYPJCC-GF-LVMCB-A15-PF
8000STL91,SYPJCC-GF-LVMCB-A15-THDV1
8000STL92,SYPJCC-GF-LVMCB-A15-THDV2
8000STL93,SYPJCC-GF-LVMCB-A15-THDV3
8000STL94,SYPJCC-GF-LVMCB-A15-THDAMP1
8000STL95,SYPJCC-GF-LVMCB-A15-THDAMP2
8000STL96,SYPJCC-GF-LVMCB-A15-THDAMP3
8000STL97,SYPJCC-GF-LVMCB-A15-HHD
8000STL98,SYPJCC-GF-LVMCB-A15-KWH
8000STL99,SYPJCC-GF-LVMCB-A15-HNAMP
8000STL100,SYPJCC-GF-LVMCB-A15-LPF
8000STL101,SYPJCC-GF-LVMCB-A15-MAXCDTH
8000STL102,SYPJCC-GF-LVMCB-A15-MINCDTH
8000STL103,SYPJCC-GF-LVMCB-A16-PAMP1
8000STL104,SYPJCC-GF-LVMCB-A16-PAMP2
8000STL105,SYPJCC-GF-LVMCB-A16-PAMP3
8000STL106,SYPJCC-GF-LVMCB-A16-NAMP
8000STL107,SYPJCC-GF-LVMCB-A16-CU
8000STL108,SYPJCC-GF-LVMCB-A16-TRMS1
8000STL109,SYPJCC-GF-LVMCB-A16-TRMS2
8000STL110,SYPJCC-GF-LVMCB-A16-TRMS3
8000STL111,SYPJCC-GF-LVMCB-A16-KW1
8000STL112,SYPJCC-GF-LVMCB-A16-KW2
8000STL113,SYPJCC-GF-LVMCB-A16-KW3
8000STL114,SYPJCC-GF-LVMCB-A16-KW
8000STL115,SYPJCC-GF-LVMCB-A16-KVAR1
8000STL116,SYPJCC-GF-LVMCB-A16-KVAR2
8000STL117,SYPJCC-GF-LVMCB-A16-KVAR3
8000STL118,SYPJCC-GF-LVMCB-A16-KVAR
8000STL119,SYPJCC-GF-LVMCB-A16-KVA1
8000STL120,SYPJCC-GF-LVMCB-A16-KVA2
8000STL121,SYPJCC-GF-LVMCB-A16-KVA3
8000STL122,SYPJCC-GF-LVMCB-A16-KVA
8000STL123,SYPJCC-GF-LVMCB-A16-HZ
8000STL124,SYPJCC-GF-LVMCB-A16-PF
8000STL125,SYPJCC-GF-LVMCB-A16-THDV1
8000STL126,SYPJCC-GF-LVMCB-A16-THDV2
8000STL127,SYPJCC-GF-LVMCB-A16-THDV3
8000STL128,SYPJCC-GF-LVMCB-A16-THDAMP1
8000STL129,SYPJCC-GF-LVMCB-A16-THDAMP2
8000STL130,SYPJCC-GF-LVMCB-A16-THDAMP3
8000STL131,SYPJCC-GF-LVMCB-A16-HHD
8000STL132,SYPJCC-GF-LVMCB-A16-KWH
8000STL133,SYPJCC-GF-LVMCB-A16-HNAMP
8000STL134,SYPJCC-GF-LVMCB-A16-LPF
8000STL135,SYPJCC-GF-LVMCB-A16-MAXCDTH
8000STL136,SYPJCC-GF-LVMCB-A16-MINCDTH
8000STL137,SYPJCC-GF-LVMCB-A17-PAMP1
8000STL138,SYPJCC-GF-LVMCB-A17-PAMP2
8000STL139,SYPJCC-GF-LVMCB-A17-PAMP3
8000STL140,SYPJCC-GF-LVMCB-A17-NAMP
8000STL141,SYPJCC-GF-LVMCB-A17-CU
8000STL142,SYPJCC-GF-LVMCB-A17-TRMS1
8000STL143,SYPJCC-GF-LVMCB-A17-TRMS2
8000STL144,SYPJCC-GF-LVMCB-A17-TRMS3
8000STL145,SYPJCC-GF-LVMCB-A17-KW1
8000STL146,SYPJCC-GF-LVMCB-A17-KW2
8000STL147,SYPJCC-GF-LVMCB-A17-KW3
8000STL148,SYPJCC-GF-LVMCB-A17-KW
8000STL149,SYPJCC-GF-LVMCB-A17-KVAR1
8000STL150,SYPJCC-GF-LVMCB-A17-KVAR2
8000STL151,SYPJCC-GF-LVMCB-A17-KVAR3
8000STL152,SYPJCC-GF-LVMCB-A17-KVAR
8000STL153,SYPJCC-GF-LVMCB-A17-KVA1
8000STL154,SYPJCC-GF-LVMCB-A17-KVA2
8000STL155,SYPJCC-GF-LVMCB-A17-KVA3
8000STL156,SYPJCC-GF-LVMCB-A17-KVA
8000STL157,SYPJCC-GF-LVMCB-A17-HZ
8000STL158,SYPJCC-GF-LVMCB-A17-PF
8000STL159,SYPJCC-GF-LVMCB-A17-THDV1
8000STL160,SYPJCC-GF-LVMCB-A17-THDV2
8000STL161,SYPJCC-GF-LVMCB-A17-THDV3
8000STL162,SYPJCC-GF-LVMCB-A17-THDAMP1
8000STL163,SYPJCC-GF-LVMCB-A17-THDAMP2
8000STL164,SYPJCC-GF-LVMCB-A17-THDAMP3
8000STL165,SYPJCC-GF-LVMCB-A17-HHD
8000STL166,SYPJCC-GF-LVMCB-A17-KWH
8000STL167,SYPJCC-GF-LVMCB-A17-HNAMP
8000STL168,SYPJCC-GF-LVMCB-A17-LPF
8000STL169,SYPJCC-GF-LVMCB-A17-MAXCDTH
8000STL170,SYPJCC-GF-LVMCB-A17-MINCDTH
8000STL171,SYPJCC-GF-LVMCB-A18-PAMP1
8000STL172,SYPJCC-GF-LVMCB-A18-PAMP2
8000STL173,SYPJCC-GF-LVMCB-A18-PAMP3
8000STL174,SYPJCC-GF-LVMCB-A18-NAMP
8000STL175,SYPJCC-GF-LVMCB-A18-CU
8000STL176,SYPJCC-GF-LVMCB-A18-TRMS1
8000STL177,SYPJCC-GF-LVMCB-A18-TRMS2
8000STL178,SYPJCC-GF-LVMCB-A18-TRMS3
8000STL179,SYPJCC-GF-LVMCB-A18-KW1
8000STL180,SYPJCC-GF-LVMCB-A18-KW2
8000STL181,SYPJCC-GF-LVMCB-A18-KW3
8000STL182,SYPJCC-GF-LVMCB-A18-KW
8000STL183,SYPJCC-GF-LVMCB-A18-KVAR1
8000STL184,SYPJCC-GF-LVMCB-A18-KVAR2
8000STL185,SYPJCC-GF-LVMCB-A18-KVAR3
8000STL186,SYPJCC-GF-LVMCB-A18-KVAR
8000STL187,SYPJCC-GF-LVMCB-A18-KVA1
8000STL188,SYPJCC-GF-LVMCB-A18-KVA2
8000STL189,SYPJCC-GF-LVMCB-A18-KVA3
8000STL190,SYPJCC-GF-LVMCB-A18-KVA
8000STL191,SYPJCC-GF-LVMCB-A18-HZ
8000STL192,SYPJCC-GF-LVMCB-A18-PF
8000STL193,SYPJCC-GF-LVMCB-A18-THDV1
8000STL194,SYPJCC-GF-LVMCB-A18-THDV2
8000STL195,SYPJCC-GF-LVMCB-A18-THDV3
8000STL196,SYPJCC-GF-LVMCB-A18-THDAMP1
8000STL197,SYPJCC-GF-LVMCB-A18-THDAMP2
8000STL198,SYPJCC-GF-LVMCB-A18-THDAMP3
8000STL199,SYPJCC-GF-LVMCB-A18-HHD
8000STL200,SYPJCC-GF-LVMCB-A18-KWH
8000STL201,SYPJCC-GF-LVMCB-A18-HNAMP
8000STL202,SYPJCC-GF-LVMCB-A18-LPF
8000STL203,SYPJCC-GF-LVMCB-A18-MAXCDTH
8000STL204,SYPJCC-GF-LVMCB-A18-MINCDTH
8000STL205,SYPJCC-GF-LVMCB-A19-PAMP1
8000STL206,SYPJCC-GF-LVMCB-A19-PAMP2
8000STL207,SYPJCC-GF-LVMCB-A19-PAMP3
8000STL208,SYPJCC-GF-LVMCB-A19-NAMP
8000STL209,SYPJCC-GF-LVMCB-A19-CU
8000STL210,SYPJCC-GF-LVMCB-A19-TRMS1
8000STL211,SYPJCC-GF-LVMCB-A19-TRMS2
8000STL212,SYPJCC-GF-LVMCB-A19-TRMS3
8000STL213,SYPJCC-GF-LVMCB-A19-KW1
8000STL214,SYPJCC-GF-LVMCB-A19-KW2
8000STL215,SYPJCC-GF-LVMCB-A19-KW3
8000STL216,SYPJCC-GF-LVMCB-A19-KW
8000STL217,SYPJCC-GF-LVMCB-A19-KVAR1
8000STL218,SYPJCC-GF-LVMCB-A19-KVAR2
8000STL219,SYPJCC-GF-LVMCB-A19-KVAR3
8000STL220,SYPJCC-GF-LVMCB-A19-KVAR
8000STL221,SYPJCC-GF-LVMCB-A19-KVA1
8000STL222,SYPJCC-GF-LVMCB-A19-KVA2
8000STL223,SYPJCC-GF-LVMCB-A19-KVA3
8000STL224,SYPJCC-GF-LVMCB-A19-KVA
8000STL225,SYPJCC-GF-LVMCB-A19-HZ
8000STL226,SYPJCC-GF-LVMCB-A19-PF
8000STL227,SYPJCC-GF-LVMCB-A19-THDV1
8000STL228,SYPJCC-GF-LVMCB-A19-THDV2
8000STL229,SYPJCC-GF-LVMCB-A19-THDV3
8000STL230,SYPJCC-GF-LVMCB-A19-THDAMP1
8000STL231,SYPJCC-GF-LVMCB-A19-THDAMP2
8000STL232,SYPJCC-GF-LVMCB-A19-THDAMP3
8000STL233,SYPJCC-GF-LVMCB-A19-HHD
8000STL234,SYPJCC-GF-LVMCB-A19-KWH
8000STL235,SYPJCC-GF-LVMCB-A19-HNAMP
8000STL236,SYPJCC-GF-LVMCB-A19-LPF
8000STL237,SYPJCC-GF-LVMCB-A19-MAXCDTH
8000STL238,SYPJCC-GF-LVMCB-A19-MINCDTH
8000STL239,SYPJCC-GF-LVMCB-A20-PAMP1
8000STL240,SYPJCC-GF-LVMCB-A20-PAMP2
8000STL241,SYPJCC-GF-LVMCB-A20-PAMP3
8000STL242,SYPJCC-GF-LVMCB-A20-NAMP
8000STL243,SYPJCC-GF-LVMCB-A20-CU
8000STL244,SYPJCC-GF-LVMCB-A20-TRMS1
8000STL245,SYPJCC-GF-LVMCB-A20-TRMS2
8000STL246,SYPJCC-GF-LVMCB-A20-TRMS3
8000STL247,SYPJCC-GF-LVMCB-A20-KW1
8000STL248,SYPJCC-GF-LVMCB-A20-KW2
8000STL249,SYPJCC-GF-LVMCB-A20-KW3
8000STL250,SYPJCC-GF-LVMCB-A20-KW
8000STL251,SYPJCC-GF-LVMCB-A20-KVAR1
8000STL252,SYPJCC-GF-LVMCB-A20-KVAR2
8000STL253,SYPJCC-GF-LVMCB-A20-KVAR3
8000STL254,SYPJCC-GF-LVMCB-A20-KVAR
8000STL255,SYPJCC-GF-LVMCB-A20-KVA1
8000STL256,SYPJCC-GF-LVMCB-A20-KVA2
8000STL257,SYPJCC-GF-LVMCB-A20-KVA3
8000STL258,SYPJCC-GF-LVMCB-A20-KVA
8000STL259,SYPJCC-GF-LVMCB-A20-HZ
8000STL260,SYPJCC-GF-LVMCB-A20-PF
8000STL261,SYPJCC-GF-LVMCB-A20-THDV1
8000STL262,SYPJCC-GF-LVMCB-A20-THDV2
8000STL263,SYPJCC-GF-LVMCB-A20-THDV3
8000STL264,SYPJCC-GF-LVMCB-A20-THDAMP1
8000STL265,SYPJCC-GF-LVMCB-A20-THDAMP2
8000STL266,SYPJCC-GF-LVMCB-A20-THDAMP3
8000STL267,SYPJCC-GF-LVMCB-A20-HHD
8000STL268,SYPJCC-GF-LVMCB-A20-KWH
8000STL269,SYPJCC-GF-LVMCB-A20-HNAMP
8000STL270,SYPJCC-GF-LVMCB-A20-LPF
8000STL271,SYPJCC-GF-LVMCB-A20-MAXCDTH
8000STL272,SYPJCC-GF-LVMCB-A20-MINCDTH
10000STL1,SYPJCC-8F-VRV-W01-PAMP1
10000STL2,SYPJCC-8F-VRV-W01-PAMP2
10000STL3,SYPJCC-8F-VRV-W01-PAMP3
10000STL4,SYPJCC-8F-VRV-W01-TRMS1
10000STL5,SYPJCC-8F-VRV-W01-TRMS2
10000STL6,SYPJCC-8F-VRV-W01-TRMS3
10000STL7,SYPJCC-8F-VRV-W01-RUNHR
10000STL8,SYPJCC-8F-VRV-W02-PAMP1
10000STL9,SYPJCC-8F-VRV-W02-PAMP2
10000STL10,SYPJCC-8F-VRV-W02-PAMP3
10000STL11,SYPJCC-8F-VRV-W02-TRMS1
10000STL12,SYPJCC-8F-VRV-W02-TRMS2
10000STL13,SYPJCC-8F-VRV-W02-TRMS3
10000STL14,SYPJCC-8F-VRV-W02-RUNHR
10000STL15,SYPJCC-8F-VRV-W03-PAMP1
10000STL16,SYPJCC-8F-VRV-W03-PAMP2
10000STL17,SYPJCC-8F-VRV-W03-PAMP3
10000STL18,SYPJCC-8F-VRV-W03-TRMS1
10000STL19,SYPJCC-8F-VRV-W03-TRMS2
10000STL20,SYPJCC-8F-VRV-W03-TRMS3
10000STL21,SYPJCC-8F-VRV-W03-RUNHR
10000STL22,SYPJCC-8F-VRV-W04-PAMP1
10000STL23,SYPJCC-8F-VRV-W04-PAMP2
10000STL24,SYPJCC-8F-VRV-W04-PAMP3
10000STL25,SYPJCC-8F-VRV-W04-TRMS1
10000STL26,SYPJCC-8F-VRV-W04-TRMS2
10000STL27,SYPJCC-8F-VRV-W04-TRMS3
10000STL28,SYPJCC-8F-VRV-W04-RUNHR
10000STL29,SYPJCC-6F-VRV-W03-PAMP1
10000STL30,SYPJCC-6F-VRV-W03-PAMP2
10000STL31,SYPJCC-6F-VRV-W03-PAMP3
10000STL32,SYPJCC-6F-VRV-W03-TRMS1
10000STL33,SYPJCC-6F-VRV-W03-TRMS2
10000STL34,SYPJCC-6F-VRV-W03-TRMS3
10000STL35,SYPJCC-6F-VRV-W03-RUNHR
10000STL36,SYPJCC-5F-VRV-E09-PAMP1
10000STL37,SYPJCC-5F-VRV-E09-PAMP2
10000STL38,SYPJCC-5F-VRV-E09-PAMP3
10000STL39,SYPJCC-5F-VRV-E09-TRMS1
10000STL40,SYPJCC-5F-VRV-E09-TRMS2
10000STL41,SYPJCC-5F-VRV-E09-TRMS3
10000STL42,SYPJCC-5F-VRV-E09-RUNHR
10000STL43,SYPJCC-5F-VRV-W01-PAMP1
10000STL44,SYPJCC-5F-VRV-W01-PAMP2
10000STL45,SYPJCC-5F-VRV-W01-PAMP3
10000STL46,SYPJCC-5F-VRV-W01-TRMS1
10000STL47,SYPJCC-5F-VRV-W01-TRMS2
10000STL48,SYPJCC-5F-VRV-W01-TRMS3
10000STL49,SYPJCC-5F-VRV-W01-RUNHR
10000STL50,SYPJCC-5F-VRV-W02-PAMP1
10000STL51,SYPJCC-5F-VRV-W02-PAMP2
10000STL52,SYPJCC-5F-VRV-W02-PAMP3
10000STL53,SYPJCC-5F-VRV-W02-TRMS1
10000STL54,SYPJCC-5F-VRV-W02-TRMS2
10000STL55,SYPJCC-5F-VRV-W02-TRMS3
10000STL56,SYPJCC-5F-VRV-W02-RUNHR
10000STL57,SYPJCC-4F-VRV-W01-PAMP1
10000STL58,SYPJCC-4F-VRV-W01-PAMP2
10000STL59,SYPJCC-4F-VRV-W01-PAMP3
10000STL60,SYPJCC-4F-VRV-W01-TRMS1
10000STL61,SYPJCC-4F-VRV-W01-TRMS2
10000STL62,SYPJCC-4F-VRV-W01-TRMS3
10000STL63,SYPJCC-4F-VRV-W01-RUNHR
10000STL64,SYPJCC-8F-VRV-E12-PAMP1
10000STL65,SYPJCC-8F-VRV-E12-PAMP2
10000STL66,SYPJCC-8F-VRV-E12-PAMP3
10000STL67,SYPJCC-8F-VRV-E12-TRMS1
10000STL68,SYPJCC-8F-VRV-E12-TRMS2
10000STL69,SYPJCC-8F-VRV-E12-TRMS3
10000STL70,SYPJCC-8F-VRV-E12-RUNHR
10000STL71,SYPJCC-8F-VRV-E14-PAMP1
10000STL72,SYPJCC-8F-VRV-E14-PAMP2
10000STL73,SYPJCC-8F-VRV-E14-PAMP3
10000STL74,SYPJCC-8F-VRV-E14-TRMS1
10000STL75,SYPJCC-8F-VRV-E14-TRMS2
10000STL76,SYPJCC-8F-VRV-E14-TRMS3
10000STL77,SYPJCC-8F-VRV-E14-RUNHR
10000STL78,SYPJCC-8F-VRV-E13-PAMP1
10000STL79,SYPJCC-8F-VRV-E13-PAMP2
10000STL80,SYPJCC-8F-VRV-E13-PAMP3
10000STL81,SYPJCC-8F-VRV-E13-TRMS1
10000STL82,SYPJCC-8F-VRV-E13-TRMS2
10000STL83,SYPJCC-8F-VRV-E13-TRMS3
10000STL84,SYPJCC-8F-VRV-E13-RUNHR
10000STL85,SYPJCC-8F-VRV-E15-PAMP1
10000STL86,SYPJCC-8F-VRV-E15-PAMP2
10000STL87,SYPJCC-8F-VRV-E15-PAMP3
10000STL88,SYPJCC-8F-VRV-E15-TRMS1
10000STL89,SYPJCC-8F-VRV-E15-TRMS2
10000STL90,SYPJCC-8F-VRV-E15-TRMS3
10000STL91,SYPJCC-8F-VRV-E15-RUNHR
10000STL92,SYPJCC-7F-VRV-E04-PAMP1
10000STL93,SYPJCC-7F-VRV-E04-PAMP2
10000STL94,SYPJCC-7F-VRV-E04-PAMP3
10000STL95,SYPJCC-7F-VRV-E04-TRMS1
10000STL96,SYPJCC-7F-VRV-E04-TRMS2
10000STL97,SYPJCC-7F-VRV-E04-TRMS3
10000STL98,SYPJCC-7F-VRV-E04-RUNHR
10000STL99,SYPJCC-7F-VRV-E05-PAMP1
10000STL100,SYPJCC-7F-VRV-E05-PAMP2
10000STL101,SYPJCC-7F-VRV-E05-PAMP3
10000STL102,SYPJCC-7F-VRV-E05-TRMS1
10000STL103,SYPJCC-7F-VRV-E05-TRMS2
10000STL104,SYPJCC-7F-VRV-E05-TRMS3
10000STL105,SYPJCC-7F-VRV-E05-RUNHR
10000STL106,SYPJCC-7F-VRV-E09-PAMP1
10000STL107,SYPJCC-7F-VRV-E09-PAMP2
10000STL108,SYPJCC-7F-VRV-E09-PAMP3
10000STL109,SYPJCC-7F-VRV-E09-TRMS1
10000STL110,SYPJCC-7F-VRV-E09-TRMS2
10000STL111,SYPJCC-7F-VRV-E09-TRMS3
10000STL112,SYPJCC-7F-VRV-E09-RUNHR
10000STL113,SYPJCC-7F-VRV-E11-PAMP1
10000STL114,SYPJCC-7F-VRV-E11-PAMP2
10000STL115,SYPJCC-7F-VRV-E11-PAMP3
10000STL116,SYPJCC-7F-VRV-E11-TRMS1
10000STL117,SYPJCC-7F-VRV-E11-TRMS2
10000STL118,SYPJCC-7F-VRV-E11-TRMS3
10000STL119,SYPJCC-7F-VRV-E11-RUNHR
10000STL120,SYPJCC-6F-VRV-E01-PAMP1
10000STL121,SYPJCC-6F-VRV-E01-PAMP2
10000STL122,SYPJCC-6F-VRV-E01-PAMP3
10000STL123,SYPJCC-6F-VRV-E01-TRMS1
10000STL124,SYPJCC-6F-VRV-E01-TRMS2
10000STL125,SYPJCC-6F-VRV-E01-TRMS3
10000STL126,SYPJCC-6F-VRV-E01-RUNHR
10000STL127,SYPJCC-6F-VRV-E02-PAMP1
10000STL128,SYPJCC-6F-VRV-E02-PAMP2
10000STL129,SYPJCC-6F-VRV-E02-PAMP3
10000STL130,SYPJCC-6F-VRV-E02-TRMS1
10000STL131,SYPJCC-6F-VRV-E02-TRMS2
10000STL132,SYPJCC-6F-VRV-E02-TRMS3
10000STL133,SYPJCC-6F-VRV-E02-RUNHR
10000STL134,SYPJCC-4F-VRV-E01-PAMP1
10000STL135,SYPJCC-4F-VRV-E01-PAMP2
10000STL136,SYPJCC-4F-VRV-E01-PAMP3
10000STL137,SYPJCC-4F-VRV-E01-TRMS1
10000STL138,SYPJCC-4F-VRV-E01-TRMS2
10000STL139,SYPJCC-4F-VRV-E01-TRMS3
10000STL140,SYPJCC-4F-VRV-E01-RUNHR
10000STL141,SYPJCC-1F-VRV-E03-PAMP1
10000STL142,SYPJCC-1F-VRV-E03-PAMP2
10000STL143,SYPJCC-1F-VRV-E03-PAMP3
10000STL144,SYPJCC-1F-VRV-E03-TRMS1
10000STL145,SYPJCC-1F-VRV-E03-TRMS2
10000STL146,SYPJCC-1F-VRV-E03-TRMS3
10000STL147,SYPJCC-1F-VRV-E03-RUNHR
10000STL148,SYPJCC-1F-VRV-E04-PAMP1
10000STL149,SYPJCC-1F-VRV-E04-PAMP2
10000STL150,SYPJCC-1F-VRV-E04-PAMP3
10000STL151,SYPJCC-1F-VRV-E04-TRMS1
10000STL152,SYPJCC-1F-VRV-E04-TRMS2
10000STL153,SYPJCC-1F-VRV-E04-TRMS3
10000STL154,SYPJCC-1F-VRV-E04-RUNHR
10000STL155,SYPJCC-1F-VRV-E05-PAMP1
10000STL156,SYPJCC-1F-VRV-E05-PAMP2
10000STL157,SYPJCC-1F-VRV-E05-PAMP3
10000STL158,SYPJCC-1F-VRV-E05-TRMS1
10000STL159,SYPJCC-1F-VRV-E05-TRMS2
10000STL160,SYPJCC-1F-VRV-E05-TRMS3
10000STL161,SYPJCC-1F-VRV-E05-RUNHR
10000STL162,SYPJCC-5F-IDU-101-S
10000STL163,SYPJCC-5F-IDU-101-FALM
10000STL164,SYPJCC-5F-IDU-101-RMT
10000STL165,SYPJCC-5F-IDU-101-SATSP
10000STL166,SYPJCC-5F-IDU-102-S
10000STL167,SYPJCC-5F-IDU-102-FALM
10000STL168,SYPJCC-5F-IDU-102-RMT
10000STL169,SYPJCC-5F-IDU-102-SATSP
10000STL170,SYPJCC-5F-IDU-103-S
10000STL171,SYPJCC-5F-IDU-103-FALM
10000STL172,SYPJCC-5F-IDU-103-RMT
10000STL173,SYPJCC-5F-IDU-103-SATSP
10000STL174,SYPJCC-5F-IDU-104-S
10000STL175,SYPJCC-5F-IDU-104-FALM
10000STL176,SYPJCC-5F-IDU-104-RMT
10000STL177,SYPJCC-5F-IDU-104-SATSP
10000STL178,SYPJCC-7F-IDU-A105-S
10000STL179,SYPJCC-7F-IDU-A105-FALM
10000STL180,SYPJCC-7F-IDU-A105-RMT
10000STL181,SYPJCC-7F-IDU-A105-SATSP
10000STL182,SYPJCC-7F-IDU-A107-S
10000STL183,SYPJCC-7F-IDU-A107-FALM
10000STL184,SYPJCC-7F-IDU-A107-RMT
10000STL185,SYPJCC-7F-IDU-A107-SATSP
10000STL186,SYPJCC-7F-IDU-A109-S
10000STL187,SYPJCC-7F-IDU-A109-FALM
10000STL188,SYPJCC-7F-IDU-A109-RMT
10000STL189,SYPJCC-7F-IDU-A109-SATSP
10000STL190,SYPJCC-7F-IDU-A111-S
10000STL191,SYPJCC-7F-IDU-A111-FALM
10000STL192,SYPJCC-7F-IDU-A111-RMT
10000STL193,SYPJCC-7F-IDU-A111-SATSP
10000STL194,SYPJCC-7F-IDU-A113-S
10000STL195,SYPJCC-7F-IDU-A113-FALM
10000STL196,SYPJCC-7F-IDU-A113-RMT
10000STL197,SYPJCC-7F-IDU-A113-SATSP
10000STL198,SYPJCC-7F-IDU-A114-S
10000STL199,SYPJCC-7F-IDU-A114-FALM
10000STL200,SYPJCC-7F-IDU-A114-RMT
10000STL201,SYPJCC-7F-IDU-A114-SATSP
10000STL202,SYPJCC-7F-IDU-B106-S
10000STL203,SYPJCC-7F-IDU-B106-FALM
10000STL204,SYPJCC-7F-IDU-B106-RMT
10000STL205,SYPJCC-7F-IDU-B106-SATSP
10000STL206,SYPJCC-7F-IDU-B108-S
10000STL207,SYPJCC-7F-IDU-B108-FALM
10000STL208,SYPJCC-7F-IDU-B108-RMT
10000STL209,SYPJCC-7F-IDU-B108-SATSP
10000STL210,SYPJCC-7F-IDU-B110-S
10000STL211,SYPJCC-7F-IDU-B110-FALM
10000STL212,SYPJCC-7F-IDU-B110-RMT
10000STL213,SYPJCC-7F-IDU-B110-SATSP
10000STL214,SYPJCC-7F-IDU-B112-S
10000STL215,SYPJCC-7F-IDU-B112-FALM
10000STL216,SYPJCC-7F-IDU-B112-RMT
10000STL217,SYPJCC-7F-IDU-B112-SATSP
10000STL218,SYPJCC-GF-GEN-01-NFS
10000STL219,SYPJCC-GF-GEN-01-RUNHR
10000STL220,SYPJCC-GF-GEN-01-RUNAMP1
10000STL221,SYPJCC-GF-GEN-01-RUNAMP2
10000STL222,SYPJCC-GF-GEN-01-RUNAMP3
10000STL223,SYPJCC-GF-GEN-01-OV12
10000STL224,SYPJCC-GF-GEN-01-OV23
10000STL225,SYPJCC-GF-GEN-01-OV31
10000STL226,SYPJCC-GF-GEN-01-BATLVALM
10000STL227,SYPJCC-GF-GEN-01-BATCF
10000STL228,SYPJCC-GF-GEN-01-HET
10000STL229,SYPJCC-GF-GEN-01-LOP
10000STL230,SYPJCC-GF-GEN-01-LCL
10000STL231,SYPJCC-GF-GEN-01-S
10000STL232,SYPJCC-RF-LIFT-01-UPS
10000STL233,SYPJCC-RF-LIFT-01-DNS
10000STL234,SYPJCC-RF-LIFT-01-NFS
10000STL235,SYPJCC-RF-LIFT-01-PWRSNFS
10000STL236,SYPJCC-RF-LIFT-01-RUNAMP1
10000STL237,SYPJCC-RF-LIFT-01-RUNAMP2
10000STL238,SYPJCC-RF-LIFT-01-RUNAMP3
10000STL239,SYPJCC-RF-LIFT-01-RUNLV12
10000STL240,SYPJCC-RF-LIFT-01-RUNLV23
10000STL241,SYPJCC-RF-LIFT-01-RUNLV31
10000STL242,SYPJCC-RF-LIFT-01-RUNHR
10000STL243,SYPJCC-RF-LIFT-01-KWH
10000STL244,SYPJCC-RF-LIFT-02-UPS
10000STL245,SYPJCC-RF-LIFT-02-DNS
10000STL246,SYPJCC-RF-LIFT-02-NFS
10000STL247,SYPJCC-RF-LIFT-02-PWRSNFS
10000STL248,SYPJCC-RF-LIFT-02-RUNAMP1
10000STL249,SYPJCC-RF-LIFT-02-RUNAMP2
10000STL250,SYPJCC-RF-LIFT-02-RUNAMP3
10000STL251,SYPJCC-RF-LIFT-02-RUNLV12
10000STL252,SYPJCC-RF-LIFT-02-RUNLV23
10000STL253,SYPJCC-RF-LIFT-02-RUNLV31
10000STL254,SYPJCC-RF-LIFT-02-RUNHR
10000STL255,SYPJCC-RF-LIFT-02-KWH
